ticker,earnings_date,px_-5,px_-1,px_+0,px_+1,px_+5,px_+10,pct_m5_p5,logpct_m5_p5,pct_m1_p1,logpct_m1_p1,pct_p0_p1,logpct_p0_p1,pct_p0_p5,logpct_p0_p5,pct_p0_p10,logpct_p0_p10,car_simple_m5_p5_pct,car_mm_1y_m5_p5_pct,car_mm_1q_m5_p5_pct,car_simple_m1_p1_pct,car_mm_1y_m1_p1_pct,car_mm_1q_m1_p1_pct,car_simple_p0_p1_pct,car_mm_1y_p0_p1_pct,car_mm_1q_p0_p1_pct,car_simple_p0_p5_pct,car_mm_1y_p0_p5_pct,car_mm_1q_p0_p5_pct,car_simple_p0_p10_pct,car_mm_1y_p0_p10_pct,car_mm_1q_p0_p10_pct,announce_timing,pre_close_date,day0_date,dt_m5,dt_m1,dt_p1,dt_p5,dt_p10,path_start,path_end,pre_bdays,post_bdays,event_date_dt,sur_period_end,sur_quarter_rank,sur_actual_revenue,sur_actual_ebitda,sur_actual_ebit,sur_actual_netIncome,sur_actual_eps,sur_est_revenue,sur_est_ebitda,sur_est_ebit,sur_est_netIncome,sur_est_eps,sur_surprise_revenue,sur_surprise_revenue_pct,sur_surprise_ebitda,sur_surprise_ebitda_pct,sur_surprise_ebit,sur_surprise_ebit_pct,sur_surprise_netIncome,sur_surprise_netIncome_pct,sur_surprise_eps,sur_surprise_eps_pct,sur_period_end_dt,gro_symbol,gro_date,gro_fiscalYear,gro_period,gro_reportedCurrency,gro_growthRevenue,gro_growthCostOfRevenue,gro_growthGrossProfit,gro_growthGrossProfitRatio,gro_growthResearchAndDevelopmentExpenses,gro_growthGeneralAndAdministrativeExpenses,gro_growthSellingAndMarketingExpenses,gro_growthOtherExpenses,gro_growthOperatingExpenses,gro_growthCostAndExpenses,gro_growthInterestIncome,gro_growthInterestExpense,gro_growthDepreciationAndAmortization,gro_growthEBITDA,gro_growthOperatingIncome,gro_growthIncomeBeforeTax,gro_growthIncomeTaxExpense,gro_growthNetIncome,gro_growthEPS,gro_growthEPSDiluted,gro_growthWeightedAverageShsOut,gro_growthWeightedAverageShsOutDil,gro_growthEBIT,gro_growthNonOperatingIncomeExcludingInterest,gro_growthNetInterestIncome,gro_growthTotalOtherIncomeExpensesNet,gro_growthNetIncomeFromContinuingOperations,gro_growthOtherAdjustmentsToNetIncome,gro_growthNetIncomeDeductions,gro_period_end_dt,gro_period_end,est_date_x,est_symbol,est_estimate_date_raw,est_revenueLow,est_revenueHigh,est_revenueAvg,est_ebitdaLow,est_ebitdaHigh,est_ebitdaAvg,est_ebitLow,est_ebitHigh,est_ebitAvg,est_netIncomeLow,est_netIncomeHigh,est_netIncomeAvg,est_sgaExpenseLow,est_sgaExpenseHigh,est_sgaExpenseAvg,est_epsAvg,est_epsHigh,est_epsLow,est_numAnalystsRevenue,est_numAnalystsEps,est_period_end_dt,est_period_end
AMD,2021-01-26,88.75,94.70999908447266,88.83999633789062,87.5199966430664,87.88999938964844,92.3499984741211,-0.969014772227117,-0.9737402723465228,-7.5915980476289775,-7.895228125388918,-1.4858169171954705,-1.4969657487341457,-1.069334744937411,-1.075093217276362,3.950925575098707,3.874873231764343,-0.1427657973044947,,,,,,,,,-3.1386537926754055,,,-0.1631887122467777,,,amc,2021-01-26,2021-01-27,2021-01-20,2021-01-26,2021-01-28,2021-02-03,2021-02-10,2021-01-20,2021-02-10,5,10,2021-01-26,2020-12-26,1,3244000000,656000000,555000000,1781000000,1.48,3017992615,588893616,509361701,1591531914,0.47286,226007385,7.488665938965526,67106384,11.395332225846374,45638299,8.95989999059627,189468086,11.90476196759445,1.00714,212.98904538341156,2020-12-26,AMD,2020-12-26,2020,Q4,USD,0.1581578007854337,0.1413112667091025,0.1796747967479675,0.0185786392677098,0.1279527559055118,0,0,0.0,0.1280409731113956,0.1369047619047619,0.0,-0.1818181818181818,0.086021505376344,0.299009900990099,0.2694877505567928,0.3656716417910448,-103.66666666666669,3.566666666666667,3.4848484848484844,3.5312499999999996,0.0177364864864864,0.0090534979423868,0.3470873786407767,-0.5945945945945946,0.1818181818181818,0.5531914893617021,3.566666666666667,0.0,0.0,2020-12-26,2020-12-26,2020-12-26,AMD,2020-12-26,2879024072,3146903847,3017992615,471114893,706672340,588893616,407489361,611234042,509361701,1273225531,1909838296,1591531914,220187234,330280851,275234042,0.47286,0.49912,0.44455,4,3,2020-12-26,2020-12-26
AMD,2021-04-27,81.61000061035156,85.20999908447266,84.0199966430664,83.91000366210938,77.83000183105469,74.63999938964844,-4.631783790009447,-4.742482646240153,-1.525637174428951,-1.5373947570221589,-0.1309128604519038,-0.1309986261974945,-7.367287621193375,-7.652784128962095,-11.164005746472538,-11.837827742543626,-4.288653035507468,-0.2490471960492279,0.068528833404256,,,,,,,-7.1713498146039525,-4.844048769866419,-4.649462693671675,-8.734359152130889,-1.925603327543304,-1.2856506937477066,amc,2021-04-27,2021-04-28,2021-04-21,2021-04-27,2021-04-29,2021-05-05,2021-05-12,2021-04-21,2021-05-12,5,10,2021-04-27,2021-03-27,2,3445000000,758000000,651000000,555000000,0.46,3184473961,621818181,541636363,454090908,0.43775,260526039,8.181132651440763,136181819,21.900584955717147,109363637,20.19133951684112,100909092,22.222222515849182,0.02225,5.082809822958321,2021-03-27,AMD,2021-03-27,2021,Q1,USD,0.0619605425400739,0.0362520914668153,0.0937284631288766,0.0299144078357819,0.0645724258289703,0,0,0.0,0.0499432463110102,0.0407629020194465,0.0,0.0,0.0594059405940594,0.1554878048780487,0.1614035087719298,0.1730418943533697,1.0722402597402598,-0.6883773161145423,-0.6891891891891893,-0.6896551724137931,0.0066390041493775,0.0040783034257748,0.1729729729729729,-0.2666666666666666,0.0,0.1428571428571428,-0.6883773161145423,0.0,1.0,2021-03-27,2021-03-27,2021-03-27,AMD,2021-03-26,3037839505,3320496315,3184473961,497454545,746181818,621818181,433309090,649963636,541636363,363272727,544909090,454090908,208800000,313199999,260999999,0.43775,0.46206,0.41155,4,3,2021-03-27,2021-03-27
AMD,2021-07-27,89.41000366210938,91.02999877929688,97.93000030517578,102.9499969482422,118.7699966430664,107.68000030517578,32.83748101824466,28.39562478161578,13.094582367122154,12.30542947233935,5.126107043217387,4.999046298172411,21.280502678390366,19.29358806730268,9.956091054443394,9.491092788154903,28.093692172453316,29.31706052509154,27.74593894979784,,,,,,,19.65304309450646,20.527645043503544,19.353902435757853,9.159723363319586,10.419795112063785,8.794483243892188,amc,2021-07-27,2021-07-28,2021-07-21,2021-07-27,2021-07-29,2021-08-04,2021-08-11,2021-07-21,2021-08-11,5,10,2021-07-27,2021-06-26,3,3850000000,941000000,831000000,710000000,0.58,3619646232,746541666,657875000,562083333,0.54151,230353768,6.363985683560028,194458334,26.047887593724745,173125000,26.31578947368421,147916667,26.3157895485935,0.0384899999999999,7.107901977802794,2021-06-26,AMD,2021-06-26,2021,Q2,USD,0.1175616835994194,0.0871905274488697,0.1531190926275992,0.0318169541523616,0.080327868852459,0,0,0.75,0.08,0.084800574919152,0.0,0.1111111111111111,0.02803738317757,0.2414248021108179,0.2552870090634441,0.2779503105590062,0.2696629213483146,0.2792792792792792,0.2608695652173912,0.2888888888888887,0.0024732069249793,0.000812347684809,0.2764976958525346,-1.0,-0.1111111111111111,0.5555555555555556,0.2792792792792792,0.0,0.0,2021-06-26,2021-06-26,2021-06-26,AMD,2021-06-26,3452973537,3774256635,3619646232,597233333,895849999,746541666,526300000,789450000,657875000,449666666,674500000,562083333,215966666,323950000,269958333,0.54151,0.57158,0.50909,14,16,2021-06-26,2021-06-26
AMD,2021-10-26,116.38999938964844,122.93000030517578,122.27999877929688,121.16000366210938,130.52999877929688,139.8699951171875,12.148809574532947,11.465646033893709,-1.4398410792096028,-1.450307377733106,-0.9159266669678146,-0.9201470655346472,6.746810665978509,6.528958900901941,14.38501514024284,13.43998978417818,8.941388593451649,7.4832951813409085,4.974797042566922,,,,,,,4.29181825554937,3.0496859910231646,1.953570597957148,12.31370511677285,11.177510912040622,8.569802993869843,amc,2021-10-26,2021-10-27,2021-10-20,2021-10-26,2021-10-28,2021-11-03,2021-11-10,2021-10-20,2021-11-10,5,10,2021-10-26,2021-09-25,4,4313000000,1122000000,1010000000,923000000,0.76,4112482696,1031868851,870295081,847344261,0.66261,200517304,4.875821220963017,90131149,8.734748501483741,139704919,16.05259205182156,75655739,8.928571595057985,0.0973899999999999,14.697936946318343,2021-09-25,AMD,2021-09-25,2021,Q3,USD,0.1202597402597402,0.1024752475247524,0.1398907103825136,0.0175235880500899,0.1608497723823975,0,0,-2.0,0.1391391391391391,0.1146074859224908,0.0,-0.3,0.0181818181818181,0.1923485653560042,0.1407942238267148,0.221142162818955,-0.2743362831858407,0.3,0.310344827586207,0.2931034482758621,-0.0016447368421052,-0.0016233766233766,0.2154031287605294,0.0,0.3,8.125,0.3,0.0,0.0,2021-09-25,2021-09-25,2021-09-25,AMD,2021-09-26,3923116518,4288144229,4112482696,825495081,1238242622,1031868851,696236065,1044354098,870295081,677875409,1016813114,847344261,276144262,414216393,345180327,0.66261,0.6994,0.62295,15,16,2021-09-25,2021-09-25
AMD,2022-02-01,110.70999908447266,116.77999877929688,122.76000213623048,120.08000183105467,132.85000610351562,117.69000244140624,19.9981999838605,18.230655654695564,2.8258289829189875,2.786639017145349,-2.1831217485657306,-2.2073044579387626,8.219292759613971,7.898947099551447,-4.130009454706518,-4.217717751926526,13.827492943567975,8.785589965590157,5.374816393931519,,,,,,,8.096773006101765,8.046800603658673,8.061737741501576,-0.6630449916014219,1.4510154607875316,3.02230553880246,amc,2022-02-01,2022-02-02,2022-01-26,2022-02-01,2022-02-03,2022-02-09,2022-02-16,2022-01-26,2022-02-16,5,10,2022-02-01,2021-12-25,5,4826000000,1345000000,1211000000,974000000,0.81,4522709249,1061842105,952894736,768947368,0.75939,303290751,6.705952876963284,283157895,26.666666698058656,258105264,27.08644032219735,205052632,26.66666673602555,0.05061,6.664559712400749,2021-12-25,AMD,2021-12-25,2021,Q4,USD,0.118942731277533,0.0776829815895824,0.1629913710450623,0.039366303968929,0.0601307189542483,0,0,-0.3333333333333333,0.0711775043936731,0.075482912332838,0.0,0.1428571428571428,0.1964285714285714,0.1987522281639928,0.2732067510548523,0.1970149253731343,1.7926829268292683,0.0552546045503792,0.0657894736842105,0.0666666666666667,-0.0049423393739703,-0.0065040650406504,0.199009900990099,0.935483870967742,-0.1428571428571428,-1.0701754385964912,0.0552546045503792,0.0,0.0,2021-12-25,2021-12-25,2021-12-25,AMD,2021-12-26,4314453500,4715893294,4522709249,849473684,1274210526,1061842105,762315789,1143473684,952894736,615157894,922736842,768947368,260210526,390315789,325263157,0.75939,0.80156,0.71393,25,16,2021-12-25,2021-12-25
AMD,2022-05-03,84.91000366210938,91.12999725341795,99.41999816894533,93.87000274658205,87.91999816894531,96.27999877929688,3.5449233035178107,3.483537412841589,3.0066998526781186,2.962384723945245,-5.582373289659614,-5.74424066408358,-11.567089329913236,-12.292599298016588,-3.158317690081447,-3.2092682012965854,10.807721558753448,15.761533607031556,18.231183078196675,,,,,,,-2.8672262080000226,5.4873825411279675,7.840887256157153,7.339508992053534,15.372241592870733,18.42788987030224,amc,2022-05-03,2022-05-04,2022-04-27,2022-05-03,2022-05-05,2022-05-11,2022-05-18,2022-04-27,2022-05-18,5,10,2022-05-03,2022-03-26,6,5887000000,1537000000,909000000,786000000,0.56,5006769973,1167692307,721087911,595978021,0.91057,880230027,17.58079623683163,369307693,31.62714105300687,187912089,26.059525632513346,190021979,31.884058187441113,-0.3505699999999999,-38.50006040172638,2022-03-26,AMD,2022-03-26,2022,Q1,USD,0.2198508081226688,0.27875,0.1615828524319868,-0.047766460737931,0.3070283600493218,0,0,53.5,0.5315832649712879,0.3639126830616192,0.0,0.625,3.6865671641791047,0.1427509293680297,-0.212096106048053,-0.2527015793848711,-0.5065502183406113,-0.1930184804928131,-0.3086419753086419,-0.3,0.1531456953642384,0.1538461538461538,-0.2493806771263418,11.5,-0.625,-12.0,-0.1930184804928131,0.0,0.0,2022-03-26,2022-03-26,2022-03-26,AMD,2022-03-26,4776224834,5220630299,5006769973,934153846,1401230769,1167692307,576870329,865305494,721087911,476782417,715173626,595978021,362136263,543204395,452670329,0.91057,0.96113,0.85606,18,27,2022-03-26,2022-03-26
AMD,2022-08-02,89.81999969482422,99.29000091552734,98.08999633789062,103.91000366210938,99.0500030517578,98.2699966430664,10.276111543413258,9.781713969288042,4.653039282890714,4.548030484140037,5.933334225205367,5.7639787865596706,0.9786999181448096,0.97394167127881,0.1835052624079347,0.183337097197855,5.70585460459262,-0.1465961232673999,-1.6508743510000785,,,,,,,0.0110073819616432,-1.8454880773588864,-2.6803730935516388,-2.237957009804507,-6.155227387361495,-7.809195965490264,amc,2022-08-02,2022-08-03,2022-07-27,2022-08-02,2022-08-04,2022-08-10,2022-08-17,2022-07-27,2022-08-17,5,10,2022-08-02,2022-06-25,7,6550000000,1723000000,522000000,447000000,0.28,6529838164,1119825242,515786407,438320388,1.02766,20161836,0.3087647119825311,603174758,53.86329360845038,6213593,1.2046833564576664,8679612,1.980198101120498,-0.74766,-72.75363447054472,2022-06-25,AMD,2022-06-25,2022,Q2,USD,0.1126210293867844,0.147605083088954,0.0745209368346345,-0.0342435488162312,0.2264150943396226,0,0,1.9047619047619049,0.3401178361006963,0.2204213938411669,0.0,0.9230769230769232,0.9124203821656052,0.1210149642160052,-0.4468980021030494,-0.4427141268075639,-0.5221238938053098,-0.4312977099236641,-0.5,-0.5178571428571429,0.1615218951902369,0.1574468085106383,-0.4257425742574257,-0.9047619047619048,-0.9230769230769232,0.5192307692307693,-0.4312977099236641,0.0,0.0,2022-06-25,2022-06-25,2022-06-25,AMD,2022-06-26,6229160791,6808755176,6529838164,895860193,1343790291,1119825242,412629126,618943689,515786407,350656310,525984466,438320388,464403883,696605825,580504854,1.02766,1.08472,0.96614,13,27,2022-06-25,2022-06-25
AMD,2022-11-01,59.72999954223633,59.65999984741211,58.630001068115234,60.11000061035156,59.91999816894531,72.69999694824219,0.3180958114266108,0.3175909570308485,0.7542755013248081,0.7514450676003332,2.524304136574873,2.4929698010961703,2.2002338006635647,2.1763779456621646,23.99794580215118,21.50948133680419,2.926219260425174,6.062977508104462,9.901963016923911,,,,,,,2.734670241783438,3.4737331664742985,5.594867015354736,17.739259871609796,12.92447951561102,18.696813183332303,amc,2022-11-01,2022-11-02,2022-10-26,2022-11-01,2022-11-03,2022-11-09,2022-11-16,2022-10-26,2022-11-16,5,10,2022-11-01,2022-09-24,8,5565000000,1146000000,-42000000,66000000,0.0409,5650883725,1305314096,1100923277,1071890490,0.68915,-85883725,-1.5198282105866547,-159314096,-12.205039115734792,-1142923277,-103.81497974268012,-1005890490,-93.84265457938712,-0.64825,-94.0651527243706,2022-09-24,AMD,2022-09-24,2022,Q3,USD,-0.150381679389313,-0.0883021010789324,-0.2225891677675033,-0.0849881488143898,-0.0161538461538461,0,0,-0.0459016393442622,-0.0335731414868105,-0.0655710491367861,0.0,0.24,-0.0108243130724396,-0.334881021474173,-1.1216730038022813,-1.1377245508982037,-3.5,-0.8523489932885906,-0.8539285714285715,-0.8496296296296296,-0.0018541409147095,-0.0042892156862745,-1.0804597701149423,-6.5,-0.24,0.8,-0.8523489932885906,0.0,0.0,2022-09-24,2022-09-24,2022-09-24,AMD,2022-09-26,5390679286,5892256875,5650883725,1044251277,1566376916,1305314096,880738622,1321107933,1100923277,857512392,1286268589,1071890490,349322491,523983737,436653114,0.68915,0.72742,0.6479,13,27,2022-09-24,2022-09-24
AMD,2023-01-31,74.91000366210938,75.1500015258789,84.63999938964844,88.30999755859375,84.69000244140625,85.18000030517578,13.055664532351033,12.271011791448998,17.511637745187556,16.13671873314199,4.336009210078218,4.244636293600509,0.0590773300075619,0.0590598862228346,0.6379973055545385,0.6359707178942423,10.80045467107102,8.270567482684072,5.899612076674451,,,,,,,0.2679619189066553,0.3488196880287103,-0.7094555737143496,0.232092913444208,-0.3738703463816495,-2.5629803276608665,amc,2023-01-31,2023-02-01,2023-01-25,2023-01-31,2023-02-02,2023-02-08,2023-02-15,2023-01-25,2023-02-15,5,10,2023-01-31,2022-12-31,9,5599000000,1128000000,-117000000,21000000,0.013,5511663759,1168026315,1048184209,845842104,0.67068,87336241,1.5845712804484595,-40026315,-3.426833324384477,-1165184209,-111.1621601427884,-824842104,-97.51726712341572,-0.65768,-98.06166875410032,2022-12-31,AMD,2022-12-31,2022,Q4,USD,0.0061096136567834,-0.0046714419184054,0.0208156329651656,0.0146167167065722,0.0680218921032056,0,0,0.0240549828178694,0.0554177005789909,0.0211405222952567,0.0,-0.3870967741935484,0.0479797979797979,-0.0157068062827225,-1.328125,-0.927536231884058,-0.1407407407407407,-0.6818181818181818,-0.6821515892420539,-0.6798029556650247,-0.0012383900928792,-0.0043076923076923,-1.7857142857142858,-0.4545454545454545,0.3870967741935484,4.2,-0.6818181818181818,0.0,0.0,2022-12-31,2022-12-31,2022-12-31,AMD,2022-12-26,5257869937,5747090235,5511663759,934421052,1401631578,1168026315,838547366,1257821052,1048184209,676673683,1015010526,845842104,286231578,429347367,357789472,0.67068,0.70792,0.63053,19,27,2022-12-31,2022-12-31
AMD,2023-05-02,85.94000244140625,89.91000366210938,81.62000274658203,86.61000061035156,97.0199966430664,103.75,12.892708735043934,12.1267701461528,-3.670340248410564,-3.739392133743655,6.11369480011259,5.934092576157442,18.86791641541481,17.284274458813627,27.113448307675657,23.99097954823029,11.00353444043608,8.438694678730435,6.977577986582332,,,,,,,16.552750181683145,15.14108314120993,14.466141334026924,22.8934081767705,20.670603958307627,19.062305439117804,amc,2023-05-02,2023-05-03,2023-04-26,2023-05-02,2023-05-04,2023-05-10,2023-05-17,2023-04-26,2023-05-17,5,10,2023-05-02,2023-04-01,10,5353000000,904000000,-102000000,-139000000,-0.09,5304954153,1284461537,793196702,655575823,0.56317,48045847,0.9056788355622194,-380461537,-29.620313729954844,-895196702,-112.8593575518926,-794575823,-121.20273431743074,-0.6531699999999999,-115.98096489514712,2023-04-01,AMD,2023-04-01,2023,Q1,USD,-0.0439364172173602,-0.0632040050062578,-0.0183104452767374,0.0268036273993155,0.0329428989751098,0,0,-0.1476510067114094,-0.018808777429467,-0.0434933890048712,0.0,0.3157894736842105,-0.1919678714859437,-0.1985815602836879,0.0268456375838926,0.0526315789473684,1.0844155844155845,-7.619047619047619,-7.923076923076923,-7.923076923076923,-0.0012399256044637,-0.0043263288009888,0.1282051282051282,-0.34375,-0.3157894736842105,0.1875,-7.619047619047619,0.0,0.0,2023-04-01,2023-04-01,2023-04-01,AMD,2023-03-26,5060678623,5531551187,5304954153,1027569229,1541353845,1284461537,634557361,951836043,793196702,524460658,786690988,655575823,398349889,597524834,497937361,0.56317,0.59444,0.52946,14,14,2023-04-01,2023-04-01
AMD,2023-08-01,110.08999633789062,117.5999984741211,109.3499984741211,113.1500015258789,110.47000122070312,107.19000244140624,0.3451765786658622,0.3445822116646463,-3.7840110595081744,-3.857463692436729,3.4750828575979664,3.416065239630408,1.024236636680964,1.0190268765576354,-1.975305041477482,-1.9950749688830012,3.001889493672888,4.362319304156935,2.718078187054868,,,,,,,2.1953308246260064,2.810144475290354,1.9913449984502372,0.7835110087378028,2.369706981586019,0.7140014380350526,amc,2023-08-01,2023-08-02,2023-07-26,2023-08-01,2023-08-03,2023-08-09,2023-08-16,2023-07-26,2023-08-16,5,10,2023-08-01,2023-07-01,11,5359000000,899000000,26000000,27000000,0.0167,5315152637,1231807766,567365047,482152426,0.57225,43847363,0.8249502129961127,-332807766,-27.01783307315177,-541365047,-95.4174124512115,-455152426,-94.400111138298,-0.55555,-97.08169506334644,2023-07-01,AMD,2023-07-01,2023,Q2,USD,0.0011208668036614,-0.0260521042084168,0.0356083086053412,0.0344488291719393,0.0226789510985116,0,0,-0.0688976377952756,-0.0163738019169329,-0.0216442342670061,0.0,0.12,-0.1322067594433399,-0.0055309734513274,0.8620689655172413,1.031746031746032,-2.769230769230769,1.1942446043165469,1.1855555555555557,1.1844444444444444,0.0006207324643078,0.0099317194289261,1.2549019607843137,-0.0697674418604651,-0.12,0.2631578947368421,1.1942446043165469,0.0,0.0,2023-07-01,2023-07-01,2023-07-01,AMD,2023-06-26,5070407500,5542185291,5315152637,985446213,1478169320,1231807766,453892038,680838057,567365047,385721941,578582912,482152426,510844271,766266407,638555339,0.57225,0.60403,0.53799,24,14,2023-07-01,2023-07-01
AMD,2023-10-31,96.05999755859376,98.5,108.04000091552734,107.83000183105467,113.58999633789062,118.0,18.249010227804852,16.76224711823658,9.472083077212856,9.049938169687676,-0.1943716056026945,-0.1945607523461335,5.136982020855996,5.009390460523219,9.218806923428314,8.818308706728336,12.779696922150594,6.468824337147078,6.031260524166626,,,,,,,1.718857608099487,-2.5230098020379876,-2.953732058766976,2.947438426917533,-4.881012335482681,-5.614624416237439,amc,2023-10-31,2023-11-01,2023-10-25,2023-10-31,2023-11-02,2023-11-08,2023-11-15,2023-10-25,2023-11-15,5,10,2023-10-31,2023-09-30,12,5800000000,1131000000,283000000,299000000,0.18,5694344766,1651222331,1392667945,1355941470,0.67549,105655234,1.8554414659057896,-520222331,-31.50528679471935,-1109667945,-79.67929103157465,-1056941470,-77.948900699969,-0.49549,-73.35267731572637,2023-09-30,AMD,2023-09-30,2023,Q3,USD,0.0822914722896062,0.0469821673525377,0.1244371674171101,0.0389411691134119,0.0443520443520443,0,0,-0.0697674418604651,0.0243605359317904,0.0366239077895519,0.0,-0.0714285714285714,-0.0286368843069874,0.2580645161290322,12.2,64.0,-0.6956521739130435,10.074074074074074,9.778443113772456,9.843373493975903,0.0024813895781637,0.0012292562999385,9.884615384615383,-0.2826086956521739,0.0714285714285714,0.5,10.074074074074074,0.0,0.0,2023-09-30,2023-09-30,2023-09-30,AMD,2023-09-26,5467467244,5731491386,5694344766,1320977865,1981466798,1651222331,1114134356,1671201535,1392667945,1084753175,1627129765,1355941470,441892951,662839427,552366189,0.67549,0.70715,0.56994,29,30,2023-09-30,2023-09-30
AMD,2024-01-30,178.2899932861328,172.05999755859375,167.69000244140625,170.47999572753906,170.94000244140625,178.6999969482422,-4.122492075553986,-4.209876836956185,-0.9182853966487105,-0.9225276274929652,1.6637803360445955,1.6500911410936718,1.9381000373803523,1.919558070204968,6.565683312386517,6.359135376977133,-6.498405180174569,-11.2271406303251,-12.976339305129216,,,,,,,-0.9314757379386464,-5.033342179043683,-6.219953874987414,3.487917155297056,-1.8163265055352107,-3.668872407314673,amc,2024-01-30,2024-01-31,2024-01-24,2024-01-30,2024-02-01,2024-02-07,2024-02-14,2024-01-24,2024-02-14,5,10,2024-01-30,2023-12-30,13,6168000000,1215000000,391000000,667000000,0.41,6125512754,1284828946,1153002630,930426314,0.77388,42487246,0.6936112568250804,-69828946,-5.43488269138046,-762002630,-66.08854222648218,-263426314,-28.312431627981667,-0.36388,-47.02020985165659,2023-12-30,AMD,2023-12-30,2023,Q4,USD,0.0634482758620689,0.0668195217818539,0.0597014925373134,-0.003523239875895,0.0026542800265428,0,0,-0.059090909090909,0.0182322631787554,0.0448350071736011,0.0,0.0384615384615384,-0.0283018867924528,0.0742705570291777,0.5267857142857143,0.4230769230769231,-6.615384615384615,1.2307692307692308,1.2777777777777777,1.2777777777777777,0.0,-0.0006138735420503,0.381625441696113,0.1694915254237288,-0.0384615384615384,-0.2222222222222222,1.2307692307692308,0.0,0.0,2023-12-30,2023-12-30,2023-12-30,AMD,2023-12-27,5867902542,6536916455,6125512754,1027863157,1541794734,1284828946,922402103,1383603157,1153002630,744341051,1116511578,930426314,314854735,472282103,393568419,0.77388,0.94171,0.69929,29,30,2023-12-30,2023-12-30
AMD,2024-04-30,151.74000549316406,158.3800048828125,144.27000427246094,146.16000366210938,153.6199951171875,159.6699981689453,1.2389544984616083,1.2313422674441818,-7.715621192046851,-8.02953024867612,1.3100432062641998,1.301536355321261,6.480897322958867,6.279541521350891,10.674425341667517,10.142260031184463,-0.4707237074263956,-4.425562304466242,-2.263431386237436,,,,,,,3.0613735623126477,-1.7826347165482648,-1.247737991097332,4.729136288471601,-3.608206129980364,-2.281069896664933,amc,2024-04-30,2024-05-01,2024-04-24,2024-04-30,2024-05-02,2024-05-08,2024-05-15,2024-04-24,2024-05-15,5,10,2024-04-30,2024-03-30,14,5473000000,873000000,89000000,123000000,0.0761,5476961340,1412907691,872516372,721133404,0.61588,-3961340,-0.0723273317828458,-539907691,-38.21252403388609,-783516372,-89.79961833885221,-598133404,-82.9435165091867,-0.5397799999999999,-87.64369682405663,2024-03-30,AMD,2024-03-30,2024,Q1,USD,-0.1126783398184176,-0.105618667485416,-0.1205771212641703,-0.0089018243537923,0.0092653871608206,0,0,-0.0531400966183574,-0.0175165434021019,-0.0667696532784071,0.0,-0.074074074074074,-0.0485436893203883,-0.2814814814814815,-0.8947368421052632,-0.8081081081081081,0.8249158249158249,-0.815592203898051,-0.814390243902439,-0.8170731707317073,0.0006188118811881,0.0067567567567567,-0.7723785166240409,-0.0816326530612244,0.074074074074074,0.25,-0.815592203898051,0.0,0.0,2024-03-30,2024-03-30,2024-03-30,AMD,2024-03-27,5456751150,5527486813,5476961340,1130326153,1695489229,1412907691,698013097,1047019646,872516372,576906723,865360085,721133404,438184877,657277316,547731097,0.61588,0.698,0.58509,22,23,2024-03-30,2024-03-30
AMD,2024-07-30,144.6300048828125,138.44000244140625,144.47999572753906,132.5399932861328,128.6699981689453,140.75,-11.035059237396071,-11.69278178800847,-4.261780591755315,-4.3552600397589085,-8.26412153549807,-8.625662409270223,-10.942689663701476,-11.589008713110587,-2.5816693229788745,-2.615579307757847,-6.863324450192447,-0.1127048740569847,4.257694657067243,,,,,,,-5.202439489682501,3.9177936226198495,6.50238235617204,-0.8231750849725845,1.3275374012456735,5.378149871376002,amc,2024-07-30,2024-07-31,2024-07-24,2024-07-30,2024-08-01,2024-08-07,2024-08-14,2024-07-24,2024-08-14,5,10,2024-07-30,2024-06-29,15,5835000000,1093000000,324000000,265000000,0.16,5727762965,1242761129,583767383,1118170410,0.67809,107237035,1.8722324170061044,-149761129,-12.05067695676214,-259767383,-44.49844074279155,-853170410,-76.300571216153,-0.5180899999999999,-76.40431211196153,2024-06-29,AMD,2024-06-29,2024,Q2,USD,0.066142883245021,0.0199107449364915,0.11875,0.0493434019986068,0.0380327868852459,0,0,-0.0510204081632653,0.0281299524564183,0.023726319661578,0.0,0.0,-0.0191326530612244,0.2520045819014891,6.472222222222222,3.3098591549295775,1.7884615384615383,1.1544715447154472,1.1024967148488831,1.1333333333333335,0.0006184291898577,-0.0012202562538133,2.640449438202247,-0.0377358490566037,0.0,0.0571428571428571,1.1544715447154472,0.0,0.0,2024-06-29,2024-06-29,2024-06-29,AMD,2024-06-27,5717731856,5757856290,5727762965,1240584664,1249290522,1242761129,582745023,586834462,583767383,1068106770,1184921930,1118170410,592765818,596925578,593805758,0.67809,0.71857,0.64773,23,24,2024-06-29,2024-06-29
AMD,2024-10-29,152.91000366210938,166.25,148.60000610351562,144.07000732421875,145.10000610351562,139.3000030517578,-5.107577903046668,-5.242633501516035,-13.341348977913537,-14.31933361246659,-3.048451274047226,-3.0958829945816744,-2.355316188588763,-2.383497140277164,-6.25841364049432,-6.462827066354547,-6.7249851206071245,-9.126227554227748,-9.758518769971024,,,,,,,-4.312319742122892,-6.678610201930664,-6.637738497137642,-9.202060749013365,-12.498192952553014,-12.85640029527067,amc,2024-10-29,2024-10-30,2024-10-23,2024-10-29,2024-10-31,2024-11-06,2024-11-13,2024-10-23,2024-11-13,5,10,2024-10-29,2024-09-28,16,6819000000,1598000000,760000000,771000000,0.48,6714743758,1456907799,684359394,1520889190,0.92231,104256242,1.552646619996307,141092201,9.684360334733851,75640606,11.05276067855072,-749889190,-49.30597146265468,-0.44231,-47.95676074204985,2024-09-28,AMD,2024-09-28,2024,Q3,USD,0.1686375321336761,0.144395826321104,0.1937849162011173,0.021518549129548,0.0334807327858496,0,0,-0.0913978494623656,0.0385356454720616,0.0950413223140495,0.0,-0.08,0.0897269180754226,0.4620311070448307,1.691449814126394,1.431372549019608,-1.6585365853658536,1.909433962264151,1.9999999999999996,1.9374999999999996,0.0012360939431396,-0.0006108735491753,1.345679012345679,0.3454545454545454,0.08,-0.4594594594594595,1.909433962264151,0.0,0.0,2024-09-28,2024-09-28,2024-09-28,AMD,2024-09-27,6704736688,6754772036,6714743758,1454736550,1465592793,1456907799,683339484,688439032,684359394,1454038730,1554314420,1520889190,695090086,700277325,696127534,0.92231,0.94258,0.88177,24,24,2024-09-28,2024-09-28
AMD,2025-02-04,117.3499984741211,119.5,112.01000213623048,110.16000366210938,111.72000122070312,114.16999816894533,-4.797611697165505,-4.916515729080259,-7.8158965170632815,-8.138248370761731,-1.6516368528152303,-1.6654284431483553,-0.2589062672944564,-0.2592420092004399,1.9283956713863624,1.9100377554837271,-4.705277686948812,-2.113024129532713,-0.5419850969205424,,,,,,,-0.0286135335457685,1.5849972914937116,2.2548358428532778,1.0701695827172983,2.804393268049431,4.688070761404894,amc,2025-02-04,2025-02-05,2025-01-29,2025-02-04,2025-02-06,2025-02-12,2025-02-20,2025-01-29,2025-02-20,5,10,2025-02-04,2024-12-28,17,7658000000,1694000000,908000000,482000000,0.3,7532859637,1634415601,767740876,1782569001,1.081,125140363,1.6612597211467195,59584399,3.645608801307569,140259124,18.26907077434288,-1300569001,-72.9603734986077,-0.7809999999999999,-72.24791859389454,2024-12-28,AMD,2024-12-28,2024,Q4,USD,0.1230385687050887,0.1105882352941176,0.1354197133664814,0.0110246833675332,0.0464547677261613,0,0,0.5,0.1172541743970315,0.1135356849876948,0.0,-0.1739130434782608,-0.0620525059665871,0.0600750938673341,0.2030386740331491,0.2110215053763441,16.51851851851852,-0.3748378728923476,-0.375,-0.3617021276595744,0.0018518518518518,-0.0012224938875305,0.1947368421052631,-0.0277777777777777,0.1739130434782608,0.5,-0.3748378728923476,0.0,0.0,2024-12-28,2024-12-28,2024-12-28,AMD,2024-12-27,7512825435,7623013542,7532859637,1630068750,1653976426,1634415601,765699012,776929264,767740876,1699278011,1849205091,1782569001,778865855,790289221,780942831,1.081,1.12141,1.03049,24,26,2024-12-28,2024-12-28
AMD,2025-05-06,97.3499984741211,98.62000274658205,100.36000061035156,101.6999969482422,117.72000122070312,112.05999755859376,20.924502378905597,18.999621759076497,3.1230927964731814,3.0753164400930295,1.3351896470120472,1.3263545467219222,17.29772868152113,15.95452061549761,11.6580279763723,11.027069277069629,13.683027203632006,9.78282672744256,7.91879276464605,,,,,,,11.68963459679099,7.957084476247031,7.036860045383689,7.643231539327496,5.730132689692042,3.852952216253148,amc,2025-05-06,2025-05-07,2025-04-30,2025-05-06,2025-05-08,2025-05-14,2025-05-21,2025-04-30,2025-05-21,5,10,2025-05-06,2025-03-29,18,7438000000,1587000000,845000000,709000000,0.44,7124413064,1545794349,726112445,1557447520,0.94448,313586936,4.401582743490405,41205651,2.6656618991172154,118887555,16.373160358104037,-848447520,-54.47679675267646,-0.50448,-53.41351854988989,2025-03-29,AMD,2025-03-29,2025,Q1,USD,-0.0287281274484199,-0.0195974576271186,-0.0376094796496651,-0.0091440435792626,0.0093457943925233,1,-1,-0.3767258382642998,-0.0269013616738625,-0.0228377781052011,0.0,0.0526315789473684,-0.0559796437659033,-0.063164108618654,-0.0746268656716417,-0.076581576026637,-0.7064439140811456,0.470954356846473,0.4666666666666667,0.4666666666666667,-0.0018484288354898,-0.0048959608323133,-0.0693832599118942,-0.054054054054054,-0.0526315789473684,-0.1333333333333333,0.470954356846473,0.0,0.0,2025-03-29,2025-03-29,2025-03-29,AMD,2025-03-27,7064121839,7184704288,7124413064,1532712873,1558875824,1545794349,719967628,732257261,726112445,1474601760,1623720830,1557447520,732348082,744849045,738598564,0.94448,0.98467,0.89424,21,25,2025-03-29,2025-03-29
AMD,2025-08-05,179.50999450683594,174.30999755859375,163.1199951171875,172.39999389648438,184.4199981689453,165.1999969482422,2.735225788178819,2.698486910017648,-1.0957510692795047,-1.1017986394287764,5.689062688255975,5.533122649403767,13.057873767379412,12.272965884994273,1.2751360307241333,1.2670746281435794,1.6725281426555556,-0.2338084777103094,-5.602233887355718,,,,,,,10.675455425012396,8.701949313375874,6.260947167081037,0.9643725197909788,-0.1427948079699571,-5.7017124347378445,amc,2025-08-05,2025-08-06,2025-07-30,2025-08-05,2025-08-07,2025-08-13,2025-08-20,2025-07-30,2025-08-20,5,10,2025-08-05,2025-06-28,19,7685000000,721000000,-36000000,872000000,0.54,7414245177,1608679647,755651819,789409280,0.47872,270754823,3.651819120305307,-887679647,-55.18063516595234,-791651819,-104.76409890042228,82590720,10.46234470413117,0.06128,12.800802139037446,2025-06-28,AMD,2025-06-28,2025,Q2,USD,0.0332078515730034,0.2495948136142625,-0.1812098501070664,-0.20752620237676,0.0960648148148148,0,0,-0.0253164556962025,0.0897610921501706,0.1789806996381182,0.0,0.9,0.0202156334231805,-0.5456836798991809,-1.1662531017369726,-1.0793269230769231,-7.780487804878049,0.229901269393512,0.2272727272727273,0.2272727272727273,0.0018518518518518,0.002460024600246,-1.042603550295858,-1.5128205128205128,-0.9,1.6153846153846154,0.083215796897038,0.0,0.0,2025-06-28,2025-06-28,2025-06-28,AMD,2025-06-27,7178247983,7591243072,7414245177,1557474990,1647083140,1608679647,731599241,773691252,755651819,745545880,840577750,789409280,744179710,786995529,768645893,0.47872,0.50975,0.45212,24,25,2025-06-28,2025-06-28
AMD,2025-11-04,264.3299865722656,250.0500030517578,256.3299865722656,237.6999969482422,258.8900146484375,223.5500030517578,-2.058023001616915,-2.0794954106102055,-4.939014578199908,-5.065154854204987,-7.267971208967861,-7.545626293979761,0.9987236024959324,0.993769317426278,-12.788196948337273,-13.683050813591771,-0.5478332047337566,-1.3088582655270866,-4.296766386470391,,,,,,,0.9826823338578928,-0.5076624364651505,-2.8520535391240553,-10.359180021038387,-9.384843779894531,-11.042987383595497,amc,2025-11-04,2025-11-05,2025-10-29,2025-11-04,2025-11-06,2025-11-12,2025-11-19,2025-10-29,2025-11-19,5,10,2025-11-04,2025-09-27,20,9246000000,2116000000,1362000000,1243000000,0.76,8756463065,1899902631,892449209,1932430121,1.17188,489536935,5.590578426085099,216097369,11.374128625015835,469550791,52.613727063093854,-689430121,-35.67684613833444,-0.41188,-35.14694337304161,2025-09-27,AMD,2025-09-27,2025,Q3,USD,0.2031229668184775,-0.0345871162991785,0.5626021575678326,0.2987884038269996,0.1293558606124604,0,0,-0.0194805194805194,0.0992796742875039,0.0200792940273692,0.0,-0.0263157894736842,-0.0039630118890356,1.9348127600554783,10.477611940298509,21.075757575757574,1.183453237410072,0.4254587155963302,0.4074074074074073,0.4074074074074073,0.0018484288354898,0.0067484662576687,38.833333333333336,0.0612244897959183,0.0263157894736842,-0.1911764705882352,0.5260416666666666,-0.3173076923076923,0.0,2025-09-27,2025-09-27,2025-09-27,AMD,2025-09-27,8686170356,8856881219,8756463065,1884651118,1921690505,1899902631,885285052,902683718,892449209,1767266281,2130623431,1932430121,900508279,918206130,907795630,1.17188,1.29207,1.07172,23,24,2025-09-27,2025-09-27
