ticker,earnings_date,date,offset,ret,ret_pct,alpha_1y,beta_1y,alpha_1q,beta_1q,mkt_ret,abn_simple,abn_mm_1y,abn_mm_1q
MU,2021-03-31,2021-03-18,-10,,,0.0007880261799273,1.4452399616136768,0.0018786090887295,2.1396107204587396,-0.014760539319459198,,,
MU,2021-03-31,2021-03-19,-9,0.0076820557634613,0.7682055763461371,0.0007880261799273,1.4452399616136768,0.0018786090887295,2.1396107204587396,-0.0006027039747036333,0.008284759738164935,0.00776508145279909,0.007092998560270788
MU,2021-03-31,2021-03-22,-8,0.0085072057382926,0.8507205738292667,0.0007880261799273,1.4452399616136768,0.0018786090887295,2.1396107204587396,0.007025118077311765,0.0014820876609808343,-0.002433801822020302,-0.008402421301141641
MU,2021-03-31,2021-03-23,-7,-0.0644170265564293,-6.441702655642933,0.0007880261799273,1.4452399616136768,0.0018786090887295,2.1396107204587396,-0.007630854183940605,-0.05678617237248869,-0.05417663732847871,-0.04996857822694205
MU,2021-03-31,2021-03-24,-6,-0.0281032542108871,-2.8103254210887108,0.0007880261799273,1.4452399616136768,0.0018786090887295,2.1396107204587396,-0.00546733601831495,-0.02263591819257215,-0.02098966789357583,-0.01828389254247973
MU,2021-03-31,2021-03-25,-5,0.0131326898348602,1.3132689834860267,0.0007880261799273,1.4452399616136768,0.0018786090887295,2.1396107204587396,0.005240265846959469,0.00789242398790073,0.004771222043427736,4.19517619224246e-05
MU,2021-03-31,2021-03-26,-4,0.0463788333601915,4.637883336019155,0.0007880261799273,1.4452399616136768,0.0018786090887295,2.1396107204587396,0.016631202604519668,0.029747630755671835,0.021554728566518917,0.008915924884710408
MU,2021-03-31,2021-03-29,-3,-0.0159107082935208,-1.5910708293520814,0.0007880261799273,1.4452399616136768,0.0018786090887295,2.1396107204587396,-0.0008680126852336212,-0.01504269560828718,-0.015444247853560878,-0.015932108135430268
MU,2021-03-31,2021-03-30,-2,-0.0005775848842531,-0.057758488425319,0.0007880261799273,1.4452399616136768,0.0018786090887295,2.1396107204587396,-0.0031578329337678124,0.0025802480495147125,0.0031982152838005975,0.004300339225524683
MU,2021-03-31,2021-03-31,-1,0.0192973878635811,1.929738786358115,0.0007880261799273,1.4452399616136768,0.0018786090887295,2.1396107204587396,0.0036224990395776757,0.015674888824003426,0.01327398131074898,0.009668040994919719
MU,2021-03-31,2021-04-01,0,0.0476138766235336,4.761387662353367,0.0007880261799273,1.4452399616136768,0.0018786090887295,2.1396107204587396,0.011825201774944727,0.03578867484858887,0.0297355962843112,0.020433939045544646
MU,2021-03-31,2021-04-05,1,0.0145001729142426,1.450017291424266,0.0007880261799273,1.4452399616136768,0.0018786090887295,2.1396107204587396,0.014438226417743616,6.194649649898451e-05,-0.007154555059434058,-0.018270620202301722
MU,2021-03-31,2021-04-06,2,-0.002773125504614,-0.277312550461406,0.0007880261799273,1.4452399616136768,0.0018786090887295,2.1396107204587396,-0.0009735307519511682,-0.0017995947526628316,-0.0021541661379616594,-0.0025687577597725223
MU,2021-03-31,2021-04-07,3,0.0050273868294308,0.5027386829430824,0.0007880261799273,1.4452399616136768,0.0018786090887295,2.1396107204587396,0.001475232784985625,0.003552154044445175,0.002107295275959638,-7.64614122614627e-06
MU,2021-03-31,2021-04-08,4,0.0141548673376485,1.4154867337648591,0.0007880261799273,1.4452399616136768,0.0018786090887295,2.1396107204587396,0.0042206328286402695,0.00993423450900823,0.007267013930471712,0.0032457470016401847
MU,2021-03-31,2021-04-09,5,0.0001049538547688,0.010495385476883,0.0007880261799273,1.4452399616136768,0.0018786090887295,2.1396107204587396,0.007719934348738189,-0.007614980493969389,-0.011840229946988984,-0.018291309527758585
MU,2021-03-31,2021-04-12,6,0.0030430141749961,0.3043014174996195,0.0007880261799273,1.4452399616136768,0.0018786090887295,2.1396107204587396,-0.00019607884876882142,0.0032390930237649216,0.0025383689829367056,0.0015839374931475784
MU,2021-03-31,2021-04-13,7,-0.0359872173278403,-3.598721732784038,0.0007880261799273,1.4452399616136768,0.0018786090887295,2.1396107204587396,0.0032944868090414303,-0.03928170413688173,-0.0415365674972034,-0.044914745711604746
MU,2021-03-31,2021-04-14,8,-0.0160606825333978,-1.6060682533397874,0.0007880261799273,1.4452399616136768,0.0018786090887295,2.1396107204587396,-0.004087726727828533,-0.011972955805569268,-0.010940962694110991,-0.009193147692959647
MU,2021-03-31,2021-04-15,9,-0.004411549992234,-0.4411549992234032,0.0007880261799273,1.4452399616136768,0.0018786090887295,2.1396107204587396,0.01109419052516647,-0.01550574051740047,-0.021233343660887707,-0.03002740806342145
MU,2021-03-31,2021-04-16,10,0.0043202209364139,0.4320220936413932,0.0007880261799273,1.4452399616136768,0.0018786090887295,2.1396107204587396,0.0036088195555097347,0.0007114013809041654,-0.0016834154793889753,-0.005279857161485372
MU,2021-06-30,2021-06-17,-10,,,0.0003516360838261,1.4591059780881106,-0.0030544681895975,2.130355423852448,-0.00043571559205179966,,,
MU,2021-06-30,2021-06-18,-9,-0.0457590884157128,-4.575908841571286,0.0003516360838261,1.4591059780881106,-0.0030544681895975,2.130355423852448,-0.013124468779900589,-0.03263461963581221,-0.026960733643555182,-0.01474483697567196
MU,2021-06-30,2021-06-21,-8,0.0015596185214556,0.1559618521455696,0.0003516360838261,1.4591059780881106,-0.0030544681895975,2.130355423852448,0.014002289962720793,-0.012442671441265193,-0.01922284255389956,-0.025215767657383835
MU,2021-06-30,2021-06-22,-7,0.0076554734595915,0.76554734595915,0.0003516360838261,1.4591059780881106,-0.0030544681895975,2.130355423852448,0.005124491902218642,0.002530981557372858,-0.00017333939342593398,-0.00020704746919043317
MU,2021-06-30,2021-06-23,-6,0.017511959217332,1.7511959217332065,0.0003516360838261,1.4591059780881106,-0.0030544681895975,2.130355423852448,-0.0010832833431588806,0.01859524256049088,0.018740948335472296,0.022874205952597034
MU,2021-06-30,2021-06-24,-5,0.0197418399890041,1.974183998900414,0.0003516360838261,1.4591059780881106,-0.0030544681895975,2.130355423852448,0.005811249724885448,0.013930590264118654,0.010910974691434757,0.010416280807830842
MU,2021-06-30,2021-06-25,-4,0.0179948833082195,1.7994883308219525,0.0003516360838261,1.4591059780881106,-0.0030544681895975,2.130355423852448,0.0033305973193167304,0.014664285988902771,0.012783552765174124,0.013953995433942181
MU,2021-06-30,2021-06-28,-3,0.0164572159570508,1.6457215957050852,0.0003516360838261,1.4591059780881106,-0.0030544681895975,2.130355423852448,0.0023149642620619026,0.014142251694988898,0.012727801679389847,0.014579987474940145
MU,2021-06-30,2021-06-29,-2,-0.0053970766694363,-0.539707666943634,0.0003516360838261,1.4591059780881106,-0.0030544681895975,2.130355423852448,0.00027733619326086867,-0.005674412862697168,-0.0061533756507895325,-0.002933433143382682
MU,2021-06-30,2021-06-30,-1,0.024719889341793,2.4719889341793033,0.0003516360838261,1.4591059780881106,-0.0030544681895975,2.130355423852448,0.0013281596467464851,0.023391729695046513,0.022430327577543707,0.024944905424202173
MU,2021-06-30,2021-07-01,0,-0.0573077347761276,-5.730773477612761,0.0003516360838261,1.4591059780881106,-0.0030544681895975,2.130355423852448,0.0052216268542757405,-0.06252936163040335,-0.06527827781837285,-0.06537718767687002
MU,2021-06-30,2021-07-02,1,0.0027460248622961,0.2746024862296137,0.0003516360838261,1.4591059780881106,-0.0030544681895975,2.130355423852448,0.007500081663913916,-0.004754056801617815,-0.008549025213495817,-0.010177346600161702
MU,2021-06-30,2021-07-06,2,0.0093366925192375,0.9336692519237522,0.0003516360838261,1.4591059780881106,-0.0030544681895975,2.130355423852448,-0.0020218560598241897,0.01135854857906169,0.011935158699134548,0.016698432732130404
MU,2021-06-30,2021-07-07,3,-0.035273850301103,-3.527385030110308,0.0003516360838261,1.4591059780881106,-0.0030544681895975,2.130355423852448,0.003358975310182588,-0.03863282561128559,-0.04052658734026688,-0.039375193382139434
MU,2021-06-30,2021-07-08,4,-0.0141908383096153,-1.4190838309615317,0.0003516360838261,1.4591059780881106,-0.0030544681895975,2.130355423852448,-0.008561024934316985,-0.005629813375298314,-0.0020510317332181113,0.007101655782540437
MU,2021-06-30,2021-07-09,5,0.0211388321859222,2.1138832185922274,0.0003516360838261,1.4591059780881106,-0.0030544681895975,2.130355423852448,0.011277947808795874,0.009860884377126327,0.004331475033716333,0.00016726309112657933
MU,2021-06-30,2021-07-12,6,0.0104138250391989,1.0413825039198965,0.0003516360838261,1.4591059780881106,-0.0030544681895975,2.130355423852448,0.0034511743312370946,0.0069626507079618045,0.005026559857240517,0.00611606527358511
MU,2021-06-30,2021-07-13,7,-0.0139517302409949,-1.3951730240994942,0.0003516360838261,1.4591059780881106,-0.0030544681895975,2.130355423852448,-0.0035168126585656267,-0.010434917582429273,-0.009171963950891954,-0.00340520112954917
MU,2021-06-30,2021-07-14,8,0.0005100322963973,0.0510032296397344,0.0003516360838261,1.4591059780881106,-0.0030544681895975,2.130355423852448,0.0011649345752446916,-0.0006549022788473915,-0.0015413667902498636,0.0010827757951890234
MU,2021-06-30,2021-07-15,9,-0.020002759564706,-2.0002759564706096,0.0003516360838261,1.4591059780881106,-0.0030544681895975,2.130355423852448,-0.0032622408541723713,-0.016740518710533628,-0.015594440516245929,-0.009998558877509346
MU,2021-06-30,2021-07-16,10,-0.0248309677991255,-2.4830967799125525,0.0003516360838261,1.4591059780881106,-0.0030544681895975,2.130355423852448,-0.007538854211077806,-0.017292113588047695,-0.014182616635633248,-0.00571606065132553
MU,2021-09-28,2021-09-15,-10,,,0.0001475287071923,1.5747604078771662,-0.0020278397316567,0.9157984258414192,0.008473996979569742,,,
MU,2021-09-28,2021-09-16,-9,0.0109731593849997,1.0973159384999764,0.0001475287071923,1.5747604078771662,-0.0020278397316567,0.9157984258414192,-0.0015511404489350067,0.012524299833934707,0.013268305243847062,0.014421531098050031
MU,2021-09-28,2021-09-17,-8,-0.0044218598696964,-0.4421859869696454,0.0001475287071923,1.5747604078771662,-0.0020278397316567,0.9157984258414192,-0.009110872450405094,0.004689012580708694,0.009778052639228062,0.005949702510083239
MU,2021-09-28,2021-09-20,-7,-0.02597597908897,-2.597597908897009,0.0001475287071923,1.5747604078771662,-0.0020278397316567,0.9157984258414192,-0.01697731100841482,-0.008998668080555182,0.0006116894121065246,-0.008400344660786811
MU,2021-09-28,2021-09-21,-6,-0.003178123137523,-0.3178123137523081,0.0001475287071923,1.5747604078771662,-0.0020278397316567,0.9157984258414192,-0.0008123585165593639,-0.002365764620963636,-0.002046381815835787,-0.00040632675518236395
MU,2021-09-28,2021-09-22,-5,0.0253676292856481,2.5367629285648174,0.0001475287071923,1.5747604078771662,-0.0020278397316567,0.9157984258414192,0.009519611195260236,0.015848018090387866,0.010228993769775754,0.018677424070063127
MU,2021-09-28,2021-09-23,-4,0.0009460061868318,0.0946006186831827,0.0001475287071923,1.5747604078771662,-0.0020278397316567,0.9157984258414192,0.012134715784494876,-0.011188709597663077,-0.018310792498625137,-0.00813910769498493
MU,2021-09-28,2021-09-24,-3,0.0001351819750043,0.0135181975004394,0.0001475287071923,1.5747604078771662,-0.0020278397316567,0.9157984258414192,0.001461009046688222,-0.001325827071683922,-0.0023130859344629743,0.0008250319215638538
MU,2021-09-28,2021-09-27,-2,0.0152600877001241,1.5260087700124103,0.0001475287071923,1.5747604078771662,-0.0020278397316567,0.9157984258414192,-0.0027763826213396126,0.018036470321463712,0.019484696422135645,0.01983053426593709
MU,2021-09-28,2021-09-28,-1,-0.0276669297065653,-2.766692970656537,0.0001475287071923,1.5747604078771662,-0.0020278397316567,0.9157984258414192,-0.020364110556098214,-0.007302819150467085,0.004254136631619332,-0.006989669583973224
MU,2021-09-28,2021-09-29,0,-0.0199727079414926,-1.997270794149264,0.0001475287071923,1.5747604078771662,-0.0020278397316567,0.9157984258414192,0.0015691842194003325,-0.02154189216089293,-0.022591325830062178,-0.01938192464781792
MU,2021-09-28,2021-09-30,1,-0.0078279445767814,-0.7827944576781487,0.0001475287071923,1.5747604078771662,-0.0020278397316567,0.9157984258414192,-0.011909714125195148,0.004081769548413747,0.010779472989519059,0.005106792602950333
MU,2021-09-28,2021-10-01,2,0.0001409229451816,0.0140922945181642,0.0001475287071923,1.5747604078771662,-0.0020278397316567,0.9157984258414192,0.01149147763018199,-0.01135055468500039,-0.01810292976202742,-0.008355114447474249
MU,2021-09-28,2021-10-04,3,-0.0052118743575627,-0.5211874357562762,0.0001475287071923,1.5747604078771662,-0.0020278397316567,0.9157984258414192,-0.012985898136748442,0.007774023779185742,0.015090275181722311,0.008708430445865242
MU,2021-09-28,2021-10-05,4,-0.0016993639520335,-0.1699363952033517,0.0001475287071923,1.5747604078771662,-0.0020278397316567,0.9157984258414192,0.010524514660609219,-0.012223878612642718,-0.018420481658875987,-0.00930985817930766
MU,2021-09-28,2021-10-06,5,-0.0079430893129313,-0.7943089312931306,0.0001475287071923,1.5747604078771662,-0.0020278397316567,0.9157984258414192,0.004102792854185466,-0.012045882167116766,-0.014551533768616226,-0.009672580818691073
MU,2021-09-28,2021-10-07,6,0.0085785375456297,0.8578537545629761,0.0001475287071923,1.5747604078771662,-0.0020278397316567,0.9157984258414192,0.008298280656405366,0.00028025688922433435,-0.004636794992722713,0.0030068249149600677
MU,2021-09-28,2021-10-08,7,-0.0059538008960866,-0.5953800896086658,0.0001475287071923,1.5747604078771662,-0.0020278397316567,0.9157984258414192,-0.0019137230947889883,-0.004040077801297612,-0.0030876742419650403,-0.0021733765667257756
MU,2021-09-28,2021-10-11,8,-0.0128350523500156,-1.2835052350015697,0.0001475287071923,1.5747604078771662,-0.0020278397316567,0.9157984258414192,-0.006865763848056816,-0.005969288501958783,-0.002170647979453646,-0.004519556894109543
MU,2021-09-28,2021-10-12,9,-0.0361168059948455,-3.611680599484557,0.0001475287071923,1.5747604078771662,-0.0020278397316567,0.9157984258414192,-0.0024167805585421087,-0.03370002543630339,-0.032458484363918426,-0.03187568243207179
MU,2021-09-28,2021-10-13,10,-0.0050962500166773,-0.5096250016677351,0.0001475287071923,1.5747604078771662,-0.0020278397316567,0.9157984258414192,0.00302251448379387,-0.00811876450047117,-0.010003514865183477,-0.005836424291361916
MU,2021-12-20,2021-12-07,-10,,,-0.0005748854780009,1.6497327364475498,0.0013345422386999,1.15481456775504,0.020707080374404274,,,
MU,2021-12-20,2021-12-08,-9,0.0022138230661004,0.2213823066100406,-0.0005748854780009,1.6497327364475498,0.0013345422386999,1.15481456775504,0.0030852853123166657,-0.0008714622462162656,-0.0023011876369083066,-0.0026836515969434443
MU,2021-12-20,2021-12-09,-8,-0.012671816607192,-1.2671816607192077,-0.0005748854780009,1.6497327364475498,0.0013345422386999,1.15481456775504,-0.007181080169894716,-0.005490736437297285,-0.00025006808986145594,-0.005713542853480645
MU,2021-12-20,2021-12-10,-7,0.007182494062474,0.7182494062474065,-0.0005748854780009,1.6497327364475498,0.0013345422386999,1.15481456775504,0.009549073338481762,-0.0023665792760077615,-0.007996039348756957,-0.005179457176065892
MU,2021-12-20,2021-12-13,-6,-0.0139116480087779,-1.3911648008777977,-0.0005748854780009,1.6497327364475498,0.0013345422386999,1.15481456775504,-0.009136167611567658,-0.0047754803972102425,0.0017354722636979888,-0.0046956107961876985
MU,2021-12-20,2021-12-14,-5,-0.0125665748992321,-1.2566574899232186,-0.0005748854780009,1.6497327364475498,0.0013345422386999,1.15481456775504,-0.0074706775774360246,-0.005095897321796076,0.00033293194170968404,-0.005273869840507948
MU,2021-12-20,2021-12-15,-4,0.0284547247148776,2.8454724714877644,-0.0005748854780009,1.6497327364475498,0.0013345422386999,1.15481456775504,0.016348464630746795,0.012106260084130804,0.002059012900880605,0.008240737360163276
MU,2021-12-20,2021-12-16,-3,-0.0346719661756125,-3.4671966175612523,-0.0005748854780009,1.6497327364475498,0.0013345422386999,1.15481456775504,-0.008743415379980468,-0.025928550795632034,-0.01967278211689883,-0.025909484961577488
MU,2021-12-20,2021-12-17,-2,0.0037488246855275,0.3748824685527507,-0.0005748854780009,1.6497327364475498,0.0013345422386999,1.15481456775504,-0.010287680637092622,0.014036505322620123,0.021295633692657686,0.014294645914953613
MU,2021-12-20,2021-12-20,-1,-0.011686340682058,-1.1686340682058094,-0.0005748854780009,1.6497327364475498,0.0013345422386999,1.15481456775504,-0.01138805785140995,-0.00029828283064805075,0.007675796637972441,0.00013021218448747152
MU,2021-12-20,2021-12-21,0,0.1054489305723767,10.544893057237667,-0.0005748854780009,1.6497327364475498,0.0013345422386999,1.15481456775504,0.017777934551572505,0.08767099602080419,0.07669497543422645,0.0835841705289252
MU,2021-12-20,2021-12-22,1,-0.0037495174572617,-0.3749517457261708,-0.0005748854780009,1.6497327364475498,0.0013345422386999,1.15481456775504,0.010180197220578835,-0.013929714677840535,-0.01996923659754206,-0.016840299748905406
MU,2021-12-20,2021-12-23,2,0.045162859531914,4.516285953191401,-0.0005748854780009,1.6497327364475498,0.0013345422386999,1.15481456775504,0.006223699921661829,0.03893915961025217,0.03547030350732333,0.03664109795834312
MU,2021-12-20,2021-12-27,3,0.0001057730588163,0.0105773058816316,-0.0005748854780009,1.6497327364475498,0.0013345422386999,1.15481456775504,0.01383893524747526,-0.013733162188658958,-0.02214988597852061,-0.017210173205886733
MU,2021-12-20,2021-12-28,4,-0.0157786128656547,-1.577861286565474,-0.0005748854780009,1.6497327364475498,0.0013345422386999,1.15481456775504,-0.0010101548486260992,-0.014768458017028602,-0.013537241864994106,-0.015946613569472794
MU,2021-12-20,2021-12-29,5,0.0347532693221053,3.475326932210532,-0.0005748854780009,1.6497327364475498,0.0013345422386999,1.15481456775504,0.0014018951394270118,0.033351374182678285,0.03301540249552675,0.0317997981539301
MU,2021-12-20,2021-12-30,6,-0.0237079489361758,-2.3707948936175893,-0.0005748854780009,1.6497327364475498,0.0013345422386999,1.15481456775504,-0.0029897555945093135,-0.020718193341666486,-0.01820076577993568,-0.021589877860309213
MU,2021-12-20,2021-12-31,7,-0.0068235744196006,-0.6823574419600686,-0.0005748854780009,1.6497327364475498,0.0013345422386999,1.15481456775504,-0.0026261799136575448,-0.004197394505943055,-0.0019161939662378485,-0.005125365836463094
MU,2021-12-20,2022-01-03,8,0.0279118168032614,2.791181680326149,-0.0005748854780009,1.6497327364475498,0.0013345422386999,1.15481456775504,0.006374052530970564,0.021537764272290837,0.0179712191570838,0.01921642584616081
MU,2021-12-20,2022-01-04,9,0.0061617915483467,0.6161791548346729,-0.0005748854780009,1.6497327364475498,0.0013345422386999,1.15481456775504,-0.000629621957060511,0.006791413505407211,0.007775384980496499,0.005554345917838717
MU,2021-12-20,2022-01-05,10,-0.0201368897197011,-2.013688971970118,-0.0005748854780009,1.6497327364475498,0.0013345422386999,1.15481456775504,-0.019392757790687165,-0.0007441319290139338,0.012430863135594678,0.0009236072472295839
MU,2022-03-29,2022-03-16,-10,,,-0.0009993286338403,1.6965146479646749,-0.0005250503942257,1.9127350304383075,0.02238376135718223,,,
MU,2022-03-29,2022-03-17,-9,0.0106691508776326,1.066915087763265,-0.0009993286338403,1.6965146479646749,-0.0005250503942257,1.9127350304383075,0.01234781757145198,-0.0016786666938193792,-0.009279773868890982,-0.012423901946519572
MU,2022-03-29,2022-03-18,-8,-0.0137854865723131,-1.3785486572313157,-0.0009993286338403,1.6965146479646749,-0.0005250503942257,1.9127350304383075,0.011662294827948783,-0.025447781400261882,-0.03257141194297057,-0.03556731603080453
MU,2022-03-29,2022-03-21,-7,-0.0133482533484576,-1.3348253348457684,-0.0009993286338403,1.6965146479646749,-0.0005250503942257,1.9127350304383075,-0.00043466036210393355,-0.012913592986353667,-0.011611517043418347,-0.011991812853292708
MU,2022-03-29,2022-03-22,-6,0.0098276529436267,0.9827652943626752,-0.0009993286338403,1.6965146479646749,-0.0005250503942257,1.9127350304383075,0.0113041136006502,-0.0014764606570235005,-0.008350612728292767,-0.011269070734165349
MU,2022-03-29,2022-03-23,-5,-0.0438576834375216,-4.3857683437521615,-0.0009993286338403,1.6965146479646749,-0.0005250503942257,1.9127350304383075,-0.012272698789159042,-0.031584984648362555,-0.02203754153781465,-0.019858212151253597
MU,2022-03-29,2022-03-24,-4,0.0338401900176399,3.3840190017639937,-0.0009993286338403,1.6965146479646749,-0.0005250503942257,1.9127350304383075,0.01434391292056647,0.019496277097073432,0.010504860272609426,0.006929135695141461
MU,2022-03-29,2022-03-25,-3,-0.0014063498275498,-0.1406349827549835,-0.0009993286338403,1.6965146479646749,-0.0005250503942257,1.9127350304383075,0.005066170567449069,-0.0064725203949988685,-0.009001853770474355,-0.010571541347859453
MU,2022-03-29,2022-03-28,-2,0.02253538428964,2.253538428964008,-0.0009993286338403,1.6965146479646749,-0.0005250503942257,1.9127350304383075,0.007144955276586762,0.01539042901305324,0.011413191637698366,0.009394028435423175
MU,2022-03-29,2022-03-29,-1,0.0274227838052032,2.7422783805203244,-0.0009993286338403,1.6965146479646749,-0.0005250503942257,1.9127350304383075,0.012256547427530462,0.015166236377672736,0.0076287001947643145,0.004504306582562862
MU,2022-03-29,2022-03-30,0,-0.0352222015822474,-3.5222201582247425,-0.0009993286338403,1.6965146479646749,-0.0005250503942257,1.9127350304383075,-0.0062937001746978805,-0.028928501407549517,-0.02354551841213431,-0.02265897039280137
MU,2022-03-29,2022-03-31,1,-0.0160438119632129,-1.6043811963212915,-0.0009993286338403,1.6965146479646749,-0.0005250503942257,1.9127350304383075,-0.015652540713177343,-0.0003912712500355568,0.011510281268396202,0.014420401368468911
MU,2022-03-29,2022-04-01,2,-0.0219540237827496,-2.1954023782749688,-0.0009993286338403,1.6965146479646749,-0.0005250503942257,1.9127350304383075,0.0034102225843584133,-0.025364246367108014,-0.026740187716093298,-0.027951825587218093
MU,2022-03-29,2022-04-04,3,0.0195589661550357,1.9558966155035715,-0.0009993286338403,1.6965146479646749,-0.0005250503942257,1.9127350304383075,0.008090938687879357,0.011468027467156344,0.006831898789104585,0.004608194691825999
MU,2022-03-29,2022-04-05,4,-0.0393972866712588,-3.9397286671258858,-0.0009993286338403,1.6965146479646749,-0.0005250503942257,1.9127350304383075,-0.012551720801807331,-0.02684556586945147,-0.01710377983998945,-0.014864120207135019
MU,2022-03-29,2022-04-06,5,-0.0111246661183562,-1.1124666118356277,-0.0009993286338403,1.6965146479646749,-0.0005250503942257,1.9127350304383075,-0.009716916613271898,-0.0014077495050843023,0.006359553882951176,0.007986271069922618
MU,2022-03-29,2022-04-07,6,-0.0067769125925124,-0.6776912592512452,-0.0009993286338403,1.6965146479646749,-0.0005250503942257,1.9127350304383075,0.004253385628492534,-0.011030298221004934,-0.01299351498085212,-0.014387461887867227
MU,2022-03-29,2022-04-08,7,-0.0142115214530512,-1.4211521453051268,-0.0009993286338403,1.6965146479646749,-0.0005250503942257,1.9127350304383075,-0.002651026482054286,-0.011560494970996914,-0.008714687560263543,-0.008615759839980636
MU,2022-03-29,2022-04-11,8,-0.0015245457919286,-0.1524545791928622,-0.0009993286338403,1.6965146479646749,-0.0005250503942257,1.9127350304383075,-0.01687729010355421,0.01535274431162561,0.02810735272054066,0.031282288602235
MU,2022-03-29,2022-04-12,9,-0.0009719909159727,-0.0971990915972775,-0.0009993286338403,1.6965146479646749,-0.0005250503942257,1.9127350304383075,-0.003417447717741773,0.002445456801769073,0.005825087829669965,0.006089731442669134
MU,2022-03-29,2022-04-13,10,0.0058363206282909,0.5836320628290981,-0.0009993286338403,1.6965146479646749,-0.0005250503942257,1.9127350304383075,0.011174577597236057,-0.005338256968945157,-0.012122185316397673,-0.015012634998067938
MU,2022-06-30,2022-06-16,-10,,,-0.0006516824078825,1.5310055849379758,-0.0010240534320572,1.427270780108867,-0.03251195148816344,,,
MU,2022-06-30,2022-06-17,-9,0.0134520982024834,1.3452098202483498,-0.0006516824078825,1.5310055849379758,-0.0010240534320572,1.427270780108867,0.002200865698254617,0.011251232504228784,0.010734242934639664,0.011334920332477887
MU,2022-06-30,2022-06-21,-8,0.0188340957549371,1.8834095754937108,-0.0006516824078825,1.5310055849379758,-0.0010240534320572,1.427270780108867,0.024477242280086964,-0.005643146525149863,-0.017989016471873495,-0.015077503497019168
MU,2022-06-30,2022-06-22,-7,-0.0080987369950091,-0.8098736995009181,-0.0006516824078825,1.5310055849379758,-0.0010240534320572,1.427270780108867,-0.0013015723144006452,-0.006797164680608455,-0.005454340104578565,-0.005216987430409188
MU,2022-06-30,2022-06-23,-6,-0.0021298918815447,-0.2129891881544776,-0.0006516824078825,1.5310055849379758,-0.0010240534320572,1.427270780108867,0.009532217409177868,-0.011662109290722568,-0.01607208756395652,-0.01471089382725212
MU,2022-06-30,2022-06-24,-5,0.039487726565814,3.9487726565814008,-0.0006516824078825,1.5310055849379758,-0.0010240534320572,1.427270780108867,0.03056329358583576,0.00892443297997824,-0.006653164200317065,-0.0031103158810809398
MU,2022-06-30,2022-06-27,-4,0.0058180409654118,0.581804096541183,-0.0006516824078825,1.5310055849379758,-0.0010240534320572,1.427270780108867,-0.0029730715337762392,0.008791112499188038,0.011021512495925836,0.011085472524801278
MU,2022-06-30,2022-06-28,-3,-0.0156516645733949,-1.5651664573394952,-0.0006516824078825,1.5310055849379758,-0.0010240534320572,1.427270780108867,-0.020143036075892073,0.004491371502497173,0.015839118564285496,0.014121955672461831
MU,2022-06-30,2022-06-29,-2,-0.0318007322397529,-3.1800732239752993,-0.0006516824078825,1.5310055849379758,-0.0010240534320572,1.427270780108867,-0.0007117454091590814,-0.031088986830593822,-0.030059363635393885,-0.029760825382326318
MU,2022-06-30,2022-06-30,-1,-0.013209773929814,-1.320977392981404,-0.0006516824078825,1.5310055849379758,-0.0010240534320572,1.427270780108867,-0.008759278267998716,-0.004450495661815284,0.0008524124264003737,0.0003161414290003741
MU,2022-06-30,2022-07-01,0,-0.0294861035058355,-2.948610350583558,-0.0006516824078825,1.5310055849379758,-0.0010240534320572,1.427270780108867,0.010553814029047315,-0.04003991753488281,-0.0449923693188212,-0.04352520045614057
MU,2022-06-30,2022-07-05,1,0.0574090170228265,5.7409017022826525,-0.0006516824078825,1.5310055849379758,-0.0010240534320572,1.427270780108867,0.0015841285142366157,0.05582488850858988,0.05563538982815324,0.0561720901145765
MU,2022-06-30,2022-07-06,2,0.0112814676824075,1.1281467682407564,-0.0006516824078825,1.5310055849379758,-0.0010240534320572,1.427270780108867,0.0035731642904301975,0.007708303391977303,0.006462615605740429,0.007205648130205246
MU,2022-06-30,2022-07-07,3,0.0257975910354257,2.579759103542578,-0.0006516824078825,1.5310055849379758,-0.0010240534320572,1.427270780108867,0.014964587965241805,0.010833003070183894,0.0035384056922273775,0.005463125328324464
MU,2022-06-30,2022-07-08,4,0.006895377346016,0.6895377346016085,-0.0006516824078825,1.5310055849379758,-0.0010240534320572,1.427270780108867,-0.000830271529819071,0.007725648875835071,0.008818210103066495,0.009104453072140247
MU,2022-06-30,2022-07-11,5,-0.0224889078711967,-2.248890787119673,-0.0006516824078825,1.5310055849379758,-0.0010240534320572,1.427270780108867,-0.011527461422777274,-0.010961446448419426,-0.00418861764488513,-0.00501204558157731
MU,2022-06-30,2022-07-12,6,0.0236981977629531,2.369819776295312,-0.0006516824078825,1.5310055849379758,-0.0010240534320572,1.427270780108867,-0.009243878717321574,0.032942076480274675,0.03850231011354422,0.037915769183113616
MU,2022-06-30,2022-07-13,7,-0.0054071550794881,-0.5407155079488191,-0.0006516824078825,1.5310055849379758,-0.0010240534320572,1.427270780108867,-0.0044569025122100925,-0.0009502525672780079,0.0020680699661121465,0.0019781050780403684
MU,2022-06-30,2022-07-14,8,0.0083247832406208,0.8324783240620803,-0.0006516824078825,1.5310055849379758,-0.0010240534320572,1.427270780108867,-0.00299863390215227,0.01132341714277307,0.013567390899882781,0.013628699221463767
MU,2022-06-30,2022-07-15,9,0.0367312014894234,3.673120148942344,-0.0006516824078825,1.5310055849379758,-0.0010240534320572,1.427270780108867,0.01920124935943668,0.017529952129986724,0.007985663890221616,0.01034987276917253
MU,2022-06-30,2022-07-18,10,-0.0175523927270245,-1.755239272702458,-0.0006516824078825,1.5310055849379758,-0.0010240534320572,1.427270780108867,-0.008363571580831342,-0.009188821146193158,-0.0040960355188606815,-0.004591257960297801
MU,2022-09-29,2022-09-16,-10,,,-2.752789312382301e-05,1.5352163678226107,-0.0004944093244283,1.3697645144861188,-0.007182134089448455,,,
MU,2022-09-29,2022-09-19,-9,-0.014191064738063,-1.4191064738063086,-2.752789312382301e-05,1.5352163678226107,-0.0004944093244283,1.3697645144861188,0.006857100716286535,-0.021048165454349534,-0.024690670100390413,-0.023089268647061345
MU,2022-09-29,2022-09-20,-8,-0.0249520296755715,-2.495202967557153,-2.752789312382301e-05,1.5352163678226107,-0.0004944093244283,1.3697645144861188,-0.011272103097361819,-0.01367992657820968,-0.007619384607593864,-0.00901749352474791
MU,2022-09-29,2022-09-21,-7,-0.0137796239609863,-1.377962396098631,-2.752789312382301e-05,1.5352163678226107,-0.0004944093244283,1.3697645144861188,-0.017116493600784488,0.0033368696397981876,0.012525425067792846,0.010160350910225326
MU,2022-09-29,2022-09-22,-6,-0.0087822824002955,-0.8782282400295549,-2.752789312382301e-05,1.5352163678226107,-0.0004944093244283,1.3697645144861188,-0.00842758097968943,-0.00035470142060606974,0.004183405753998049,0.0032559282930695425
MU,2022-09-29,2022-09-23,-5,0.0088600942500931,0.8860094250093153,-2.752789312382301e-05,1.5352163678226107,-0.0004944093244283,1.3697645144861188,-0.017232619015461026,0.026092713265554124,0.035343420916203856,0.032959133593558634
MU,2022-09-29,2022-09-26,-4,-0.0243510467381041,-2.4351046738104176,-2.752789312382301e-05,1.5352163678226107,-0.0004944093244283,1.3697645144861188,-0.010340526208282075,-0.014010520529822025,-0.008448573758126954,-0.009692551552457317
MU,2022-09-29,2022-09-27,-3,0.0347789249742718,3.477892497427182,-2.752789312382301e-05,1.5352163678226107,-0.0004944093244283,1.3697645144861188,-0.0021203598092424114,0.03689928478351421,0.0380616639522178,0.03817772792334291
MU,2022-09-29,2022-09-28,-2,0.0083037658637594,0.8303765863759471,-2.752789312382301e-05,1.5352163678226107,-0.0004944093244283,1.3697645144861188,0.019672139926234733,-0.011368374062475333,-0.021869697447969023,-0.018148024006774212
MU,2022-09-29,2022-09-29,-1,-0.0194120516029721,-1.9412051602972105,-2.752789312382301e-05,1.5352163678226107,-0.0004944093244283,1.3697645144861188,-0.021126437880238824,0.0017143862772667252,0.01304912951768199,0.010020602647302684
MU,2022-09-29,2022-09-30,0,0.0017997095933754,0.1799709593375498,-2.752789312382301e-05,1.5352163678226107,-0.0004944093244283,1.3697645144861188,-0.015066695771983274,0.016866405365358675,0.024957875444651674,0.02293194413682443
MU,2022-09-29,2022-10-03,1,0.0323354124117638,3.2335412411763853,-2.752789312382301e-05,1.5352163678226107,-0.0004944093244283,1.3697645144861188,0.025883894952576147,0.00645151745918765,-0.007374438889308339,-0.00262501906653307
MU,2022-09-29,2022-10-04,2,0.0433101947191048,4.33101947191048,-2.752789312382301e-05,1.5352163678226107,-0.0004944093244283,1.3697645144861188,0.030583700679551518,0.012726494039553282,-0.0036148752596063677,0.001912136131018434
MU,2022-09-29,2022-10-05,3,0.0142698494753046,1.426984947530463,-2.752789312382301e-05,1.5352163678226107,-0.0004944093244283,1.3697645144861188,-0.002017948757084831,0.016287798232389433,0.01739536532973235,0.017528373399239072
MU,2022-09-29,2022-10-06,4,-0.0020099201230938,-0.2009920123093866,-2.752789312382301e-05,1.5352163678226107,-0.0004944093244283,1.3697645144861188,-0.010245080846639998,0.008235160723546197,0.013746023575457678,0.01251783739310337
MU,2022-09-29,2022-10-07,5,-0.0292633491479299,-2.926334914792994,-2.752789312382301e-05,1.5352163678226107,-0.0004944093244283,1.3697645144861188,-0.028003617786773516,-0.0012597313611563826,0.01375579112969702,0.009589422098053066
MU,2022-09-29,2022-10-10,6,-0.0289170043639468,-2.891700436394684,-2.752789312382301e-05,1.5352163678226107,-0.0004944093244283,1.3697645144861188,-0.00749246363390188,-0.02142454073004492,-0.017386923664741136,-0.01815968422772199
MU,2022-09-29,2022-10-11,7,0.0453483089131585,4.534830891315855,-2.752789312382301e-05,1.5352163678226107,-0.0004944093244283,1.3697645144861188,-0.006519175777754405,0.0518674846909129,0.055384182165003584,0.05477245388165222
MU,2022-09-29,2022-10-12,8,-0.0178735808419423,-1.787358084194235,-2.752789312382301e-05,1.5352163678226107,-0.0004944093244283,1.3697645144861188,-0.0032907731480149582,-0.014582807693927342,-0.012794004149194774,-0.012871587234139335
MU,2022-09-29,2022-10-13,9,0.0399999882343677,3.999998823436779,-2.752789312382301e-05,1.5352163678226107,-0.0004944093244283,1.3697645144861188,0.02596564246086497,0.01403434577350273,0.00016463682054185247,0.004927581920069139
MU,2022-09-29,2022-10-14,10,-0.039008445659535,-3.9008445659535096,-2.752789312382301e-05,1.5352163678226107,-0.0004944093244283,1.3697645144861188,-0.02366266361565439,-0.01534578204388061,-0.002653609277377997,-0.0061017593961615185
MU,2022-12-21,2022-12-08,-10,,,-0.0009070051681423,1.4705139343509903,0.0001274009850505,1.2203065869654397,0.00752178195750397,,,
MU,2022-12-21,2022-12-09,-9,-0.005978340803302,-0.5978340803302062,-0.0009070051681423,1.4705139343509903,0.0001274009850505,1.2203065869654397,-0.007349578247904498,0.001371237444602498,0.0057363215899868016,0.0028629969589832743
MU,2022-12-21,2022-12-12,-8,0.0087479645415609,0.8747964541560904,-0.0009070051681423,1.4705139343509903,0.0001274009850505,1.2203065869654397,0.014279296218109305,-0.0055313316765484045,-0.011342934351751929,-0.008804555675679077
MU,2022-12-21,2022-12-13,-7,-0.0019872163875129,-0.198721638751298,-0.0009070051681423,1.4705139343509903,0.0001274009850505,1.2203065869654397,0.0072896644387934195,-0.00927688082630632,-0.011799764353359216,-0.011010242903990735
MU,2022-12-21,2022-12-14,-6,-0.0117669240249002,-1.1766924024900205,-0.0009070051681423,1.4705139343509903,0.0001274009850505,1.2203065869654397,-0.006052724634100337,-0.005714199390799863,-0.001959302941523855,-0.0045081452698700775
MU,2022-12-21,2022-12-15,-5,-0.0467117862155649,-4.671178621556493,-0.0009070051681423,1.4705139343509903,0.0001274009850505,1.2203065869654397,-0.024921675023714007,-0.02179011119185089,-0.009157110657684105,-0.016427103010965113
MU,2022-12-21,2022-12-16,-4,0.0005763314564795,0.0576331456479506,-0.0009070051681423,1.4705139343509903,0.0001274009850505,1.2203065869654397,-0.011137750774080746,0.011714082230560245,0.017861554335236066,0.01404040110501916
MU,2022-12-21,2022-12-19,-3,-0.0067216577819564,-0.6721657781956436,-0.0009070051681423,1.4705139343509903,0.0001274009850505,1.2203065869654397,-0.009007516001852345,0.002285858219895945,0.007431025180799293,0.0041428723422501194
MU,2022-12-21,2022-12-20,-2,-0.0201081585078788,-2.0108158507878837,-0.0009070051681423,1.4705139343509903,0.0001274009850505,1.2203065869654397,0.0010373383615349674,-0.021145496869413766,-0.020726573855010495,-0.021501430328422357
MU,2022-12-21,2022-12-21,-1,0.0100629270668743,1.0062927066874394,-0.0009070051681423,1.4705139343509903,0.0001274009850505,1.2203065869654397,0.014867993802734736,-0.004805066735860435,-0.010893659827748998,-0.008207984690614734
MU,2022-12-21,2022-12-22,0,-0.0343816235486303,-3.438162354863039,-0.0009070051681423,1.4705139343509903,0.0001274009850505,1.2203065869654397,-0.01445169956861636,-0.01992992398001394,-0.012223192789783444,-0.01687352035725265
MU,2022-12-21,2022-12-23,1,0.0155778455568622,1.5577845556862258,-0.0009070051681423,1.4705139343509903,0.0001274009850505,1.2203065869654397,0.005868102525282026,0.009709743031580174,0.007855724193377045,0.008289560407221513
MU,2022-12-21,2022-12-27,2,-0.0035858941693346,-0.3585894169334636,-0.0009070051681423,1.4705139343509903,0.0001274009850505,1.2203065869654397,-0.004049622110409712,0.0004637279410751121,0.003276136741021046,0.0012284853816687566
MU,2022-12-21,2022-12-28,3,-0.0179928321805084,-1.79928321805084,-0.0009070051681423,1.4705139343509903,0.0001274009850505,1.2203065869654397,-0.012020638322615351,-0.005972193857893049,0.0005906891408332914,-0.0034513690409421916
MU,2022-12-21,2022-12-29,4,0.031148339093501,3.114833909350101,-0.0009070051681423,1.4705139343509903,0.0001274009850505,1.2203065869654397,0.01746133164481911,0.013687007448681888,0.006378212765612901,0.009712760085089662
MU,2022-12-21,2022-12-30,5,-0.0109826115925268,-1.0982611592526892,-0.0009070051681423,1.4705139343509903,0.0001274009850505,1.2203065869654397,-0.0025407424823445934,-0.008441869110182207,-0.006339409200499251,-0.00800952779058927
MU,2022-12-21,2023-01-03,6,0.0078030723522983,0.7803072352298379,-0.0009070051681423,1.4705139343509903,0.0001274009850505,1.2203065869654397,-0.004000548879248611,0.01180362123154691,0.01459294039242792,0.012557567516072086
MU,2022-12-21,2023-01-04,7,0.0760373829592726,7.603738295927265,-0.0009070051681423,1.4705139343509903,0.0001274009850505,1.2203065869654397,0.007538970575044379,0.06849841238422823,0.06585822684615004,0.06671012652255683
MU,2022-12-21,2023-01-05,8,0.0094095954924311,0.9409595492431144,-0.0009070051681423,1.4705139343509903,0.0001274009850505,1.2203065869654397,-0.011645528874622113,0.021055124367053212,0.027441513143592024,0.023493310101778186
MU,2022-12-21,2023-01-06,9,0.0376529633509052,3.765296335090529,-0.0009070051681423,1.4705139343509903,0.0001274009850505,1.2203065869654397,0.02284078102943865,0.014812182321466548,0.004972281743798206,0.009652806824195458
MU,2022-12-21,2023-01-09,10,-0.0072219644907808,-0.722196449078083,-0.0009070051681423,1.4705139343509903,0.0001274009850505,1.2203065869654397,-0.0007676325452631305,-0.006454331945517669,-0.005186144968367749,-0.006412618424477655
MU,2023-03-28,2023-03-15,-10,,,-0.0001073596872109,1.3854016584279287,0.0021600631465086,1.3838403548835203,-0.00698088356543769,,,
MU,2023-03-28,2023-03-16,-9,0.0450768615668142,4.507686156681423,-0.0001073596872109,1.3854016584279287,0.0021600631465086,1.3838403548835203,0.017562006217166637,0.027514855349647566,0.02085378871544085,0.018613785504275133
MU,2023-03-28,2023-03-17,-8,0.0015910340551481,0.1591034055148155,-0.0001073596872109,1.3854016584279287,0.0021600631465086,1.3838403548835203,-0.011019457310067593,0.012610491365215692,0.016964768174702407,0.014680140623227238
MU,2023-03-28,2023-03-20,-7,0.0172959799291878,1.7295979929187857,-0.0001073596872109,1.3854016584279287,0.0021600631465086,1.3838403548835203,0.008918403718310097,0.008377576210877702,0.005047768314522085,0.002794269816138447
MU,2023-03-28,2023-03-21,-6,0.0171756836140832,1.717568361408328,-0.0001073596872109,1.3854016584279287,0.0021600631465086,1.3838403548835203,0.012982193897784988,0.004193489716298213,-0.000702509654730156,-0.00294966334310285
MU,2023-03-28,2023-03-22,-5,-0.0078459006210565,-0.7845900621056501,-0.0001073596872109,1.3854016584279287,0.0021600631465086,1.3838403548835203,-0.01646322377571363,0.00861732315465713,0.015069636588098172,0.01277650966474526
MU,2023-03-28,2023-03-23,-4,0.0544956243796708,5.4495624379670815,-0.0001073596872109,1.3854016584279287,0.0021600631465086,1.3838403548835203,0.0029845287333754023,0.0515110956462954,0.050468213010037614,0.04820544993160792
MU,2023-03-28,2023-03-24,-3,-0.0029345566299522,-0.2934556629952234,-0.0001073596872109,1.3854016584279287,0.0021600631465086,1.3838403548835203,0.005639807253104534,-0.008574363883056733,-0.010640595264406184,-0.012899212647071629
MU,2023-03-28,2023-03-27,-2,-0.0224001895348081,-2.2400189534808157,-0.0001073596872109,1.3854016584279287,0.0021600631465086,1.3838403548835203,0.0016469543057482383,-0.02404714384055634,-0.02457452307413583,-0.026839374512260285
MU,2023-03-28,2023-03-28,-1,-0.0085299846966588,-0.8529984696658888,-0.0001073596872109,1.3854016584279287,0.0021600631465086,1.3838403548835203,-0.0015738434957162095,-0.00695614120094259,-0.006242219620376653,-0.00851209970152436
MU,2023-03-28,2023-03-29,0,0.0718623293455336,7.18623293455336,-0.0001073596872109,1.3854016584279287,0.0021600631465086,1.3838403548835203,0.014237268879836451,0.05762506046569715,0.05224535311513474,0.05000015897978003
MU,2023-03-28,2023-03-30,1,-0.0070820435793702,-0.7082043579370256,-0.0001073596872109,1.3854016584279287,0.0021600631465086,1.3838403548835203,0.005715269388667954,-0.012797312968038155,-0.014892627581582258,-0.017151127144947983
MU,2023-03-28,2023-03-31,2,-0.0435885755424563,-4.358857554245632,-0.0001073596872109,1.3854016584279287,0.0021600631465086,1.3838403548835203,0.014436542471763847,-0.058025118014220146,-0.06348162573759226,-0.0657265087463816
MU,2023-03-28,2023-04-03,3,-0.0120980499999198,-1.209804999991981,-0.0001073596872109,1.3854016584279287,0.0021600631465086,1.3838403548835203,0.0036988464765423945,-0.015796896476462194,-0.017115078355581036,-0.019376726167186484
MU,2023-03-28,2023-04-04,4,-0.039255235741122,-3.9255235741122,-0.0001073596872109,1.3854016584279287,0.0021600631465086,1.3838403548835203,-0.005796972083329965,-0.03345826365779203,-0.031116741315805357,-0.0333932149825854
MU,2023-03-28,2023-04-05,5,-0.0043651820992866,-0.4365182099286602,-0.0001073596872109,1.3854016584279287,0.0021600631465086,1.3838403548835203,-0.002492370531228194,-0.0018728115680584061,-0.0008048881446952624,-0.0030762023253591477
MU,2023-03-28,2023-04-06,6,0.0290835300774088,2.9083530077408826,-0.0001073596872109,1.3854016584279287,0.0021600631465086,1.3838403548835203,0.0035791630944272956,0.025504366982981506,0.02423231127781609,0.021970476604121936
MU,2023-03-28,2023-04-10,7,0.0804302848556923,8.043028485569238,-0.0001073596872109,1.3854016584279287,0.0021600631465086,1.3838403548835203,0.0009963029974375814,0.07943398185825472,0.07915736471795645,0.07689149741563817
MU,2023-03-28,2023-04-11,8,0.0047414907452993,0.4741490745299392,-0.0001073596872109,1.3854016584279287,0.0021600631465086,1.3838403548835203,-4.1352477946232646e-05,0.0047828432232455325,0.0049061402240370144,0.0026386528265471276
MU,2023-03-28,2023-04-12,9,-0.0253262599972319,-2.5326259997231926,-0.0001073596872109,1.3854016584279287,0.0021600631465086,1.3838403548835203,-0.004134884052006904,-0.021191375945224997,-0.019490425086963442,-0.02176430372980906
MU,2023-03-28,2023-04-13,10,0.0167849751084125,1.6784975108412592,-0.0001073596872109,1.3854016584279287,0.0021600631465086,1.3838403548835203,0.01326268999363811,0.003522285114774388,-0.0014818179167783337,-0.003728533665602378
MU,2023-06-28,2023-06-14,-10,,,0.0001795701989768,1.3448482359303546,0.0001291690642347,1.4123010090617791,0.0008194255259321714,,,
MU,2023-06-28,2023-06-15,-9,-0.0043404718997527,-0.4340471899752729,0.0001795701989768,1.3448482359303546,0.0001291690642347,1.4123010090617791,0.01217813742034668,-0.01651860932009938,-0.02089778872540017,-0.021668836731236027
MU,2023-06-28,2023-06-16,-8,-0.0168554693397277,-1.6855469339727702,0.0001795701989768,1.3448482359303546,0.0001291690642347,1.4123010090617791,-0.0036716195284263176,-0.013183849811301381,-0.012097268492892926,-0.011799206439074977
MU,2023-06-28,2023-06-20,-7,-0.0112324978869993,-1.1232497886999315,0.0001795701989768,1.3448482359303546,0.0001291690642347,1.4123010090617791,-0.0047351076976228645,-0.006497390189376435,-0.005044066851887747,-0.00467426957186503
MU,2023-06-28,2023-06-21,-6,-0.0164423778939913,-1.644237789399139,0.0001795701989768,1.3448482359303546,0.0001291690642347,1.4123010090617791,-0.005245281583003636,-0.011197096310987663,-0.009567840409107681,-0.009163630485736797
MU,2023-06-28,2023-06-22,-5,0.0068387412762112,0.6838741276211202,0.0001795701989768,1.3448482359303546,0.0001291690642347,1.4123010090617791,0.003710798414438443,0.003127942861772757,0.0016687103756837032,0.0014688078668402367
MU,2023-06-28,2023-06-23,-4,-0.0146414420788538,-1.4641442078853872,0.0001795701989768,1.3448482359303546,0.0001291690642347,1.4123010090617791,-0.007658808766684566,-0.006982633312169233,-0.004521076818626927,-0.003954067793688686
MU,2023-06-28,2023-06-26,-3,0.0026041410896118,0.2604141089611822,0.0001795701989768,1.3448482359303546,0.0001291690642347,1.4123010090617791,-0.004486838293256468,0.007090979382868267,0.008458687454225724,0.008811738274440241
MU,2023-06-28,2023-06-27,-2,0.0204735684093222,2.047356840932224,0.0001795701989768,1.3448482359303546,0.0001291690642347,1.4123010090617791,0.011455854954693034,0.009017713454629164,0.004887611883452459,0.004165283832909143
MU,2023-06-28,2023-06-28,-1,0.0041922240010288,0.419222400102881,0.0001795701989768,1.3448482359303546,0.0001291690642347,1.4123010090617791,-0.00035407668843834283,0.004546300689467143,0.004488833211882367,0.0045631178011608245
MU,2023-06-28,2023-06-29,0,-0.0408527827203546,-4.085278272035464,0.0001795701989768,1.3448482359303546,0.0001291690642347,1.4123010090617791,0.004473544672805918,-0.04532632739316052,-0.04704859158091007,-0.04729994344007604
MU,2023-06-28,2023-06-30,1,-0.0189646975926023,-1.896469759260233,0.0001795701989768,1.3448482359303546,0.0001291690642347,1.4123010090617791,0.012269004495714109,-0.03123370208831641,-0.035644216844261806,-0.03642139408631754
MU,2023-06-28,2023-07-03,2,0.0125178476239786,1.2517847623978673,0.0001795701989768,1.3448482359303546,0.0001291690642347,1.4123010090617791,0.0011706778016009611,0.011347169822377639,0.010763893448675921,0.010735329119256638
MU,2023-06-28,2023-07-05,3,-0.028795083342561,-2.879508334256109,0.0001795701989768,1.3448482359303546,0.0001291690642347,1.4123010090617791,-0.0019683184132291975,-0.026826764929331802,-0.026327563995757277,-0.026144394325637223
MU,2023-06-28,2023-07-06,4,-0.0133741560401186,-1.33741560401186,0.0001795701989768,1.3448482359303546,0.0001291690642347,1.4123010090617791,-0.007922511336500904,-0.005451644703617696,-0.0028991508440639243,-0.002314354349509688
MU,2023-06-28,2023-07-07,5,-0.0076086101517565,-0.7608610151756512,0.0001795701989768,1.3448482359303546,0.0001291690642347,1.4123010090617791,-0.0028651005386203243,-0.004743509613136175,-0.003935054945606647,-0.003691394834234269
MU,2023-06-28,2023-07-10,6,0.0301731935397793,3.017319353977932,0.0001795701989768,1.3448482359303546,0.0001291690642347,1.4123010090617791,0.002405026057131332,0.027768167482647967,0.026759228290502892,0.026647403748238145
MU,2023-06-28,2023-07-11,7,0.0179256701888197,1.7925670188819742,0.0001795701989768,1.3448482359303546,0.0001291690642347,1.4123010090617791,0.0067422110558885695,0.011183459132931131,0.008678849345061024,0.008274469647046092
MU,2023-06-28,2023-07-12,8,0.0029875328828949,0.2987532882894994,0.0001795701989768,1.3448482359303546,0.0001291690642347,1.4123010090617791,0.007411233485312474,-0.004423700602417573,-0.007159021594872354,-0.007608528711039052
MU,2023-06-28,2023-07-13,9,0.0116004584801236,1.16004584801237,0.0001795701989768,1.3448482359303546,0.0001291690642347,1.4123010090617791,0.008470153458069118,0.0031303050220544814,2.9817345003152473e-05,-0.0004911168598502342
MU,2023-06-28,2023-07-14,10,-0.006973320723108,-0.6973320723108078,0.0001795701989768,1.3448482359303546,0.0001291690642347,1.4123010090617791,-0.0010244071333035398,-0.005948913589804461,-0.005775218795987063,-0.005655718559288026
MU,2023-09-27,2023-09-14,-10,,,0.0007684487313099,1.3064924690566246,0.0009269869126624,1.248737772696889,0.00842991886716793,,,
MU,2023-09-27,2023-09-15,-9,-0.0266056106074896,-2.660561060748967,0.0007684487313099,1.3064924690566246,0.0009269869126624,1.248737772696889,-0.012159612938677844,-0.014445997668811755,-0.011487616607773404,-0.012348429542251156
MU,2023-09-27,2023-09-18,-8,0.0088725043392121,0.8872504339212162,0.0007684487313099,1.3064924690566246,0.0009269869126624,1.248737772696889,0.0007212876971294246,0.008151216642082675,0.00716169866357941,0.007044818234162633
MU,2023-09-27,2023-09-19,-7,0.0029785551683427,0.2978555168342778,0.0007684487313099,1.3064924690566246,0.0009269869126624,1.248737772696889,-0.002151010615372817,0.005129565783715517,0.005020385606878241,0.004737616460568316
MU,2023-09-27,2023-09-20,-6,-0.0145662435543614,-1.4566243554361424,0.0007684487313099,1.3064924690566246,0.0009269869126624,1.248737772696889,-0.0093947947580596,-0.005171448796301801,-0.0030604636859337796,-0.0037615953859000493
MU,2023-09-27,2023-09-21,-5,-0.0255453372141195,-2.5545337214119557,0.0007684487313099,1.3064924690566246,0.0009269869126624,1.248737772696889,-0.01640093410321941,-0.00914440311090009,-0.0048860890540792755,-0.005991858204579245
MU,2023-09-27,2023-09-22,-4,0.0144327780378135,1.443277803781351,0.0007684487313099,1.3064924690566246,0.0009269869126624,1.248737772696889,-0.002295598477193961,0.01672837651500746,0.016663511428935365,0.016372391654568656
MU,2023-09-27,2023-09-25,-3,-0.0043552509272873,-0.435525092728739,0.0007684487313099,1.3064924690566246,0.0009269869126624,1.248737772696889,0.0040230650909416354,-0.008378316018228936,-0.010379803902437052,-0.010305991181026763
MU,2023-09-27,2023-09-26,-2,-0.0093323241903359,-0.9332324190335916,0.0007684487313099,1.3064924690566246,0.0009269869126624,1.248737772696889,-0.014734533990868215,0.005402209800532316,0.009149784772482378,0.008140258054485077
MU,2023-09-27,2023-09-27,-1,0.0039740489541821,0.3974048954182185,0.0007684487313099,1.3064924690566246,0.0009269869126624,1.248737772696889,0.00022931406074522265,0.003744734893436877,0.0029060031294597726,0.0027607089120566313
MU,2023-09-27,2023-09-28,0,-0.0441285019045549,-4.412850190455497,0.0007684487313099,1.3064924690566246,0.0009269869126624,1.248737772696889,0.005893173970516585,-0.05002167587507148,-0.05259633804718524,-0.05241451775527546
MU,2023-09-27,2023-09-29,1,0.0434050609634597,4.340506096345975,0.0007684487313099,1.3064924690566246,0.0009269869126624,1.248737772696889,-0.002709582086142026,0.04611464304960173,0.0461766608219851,0.04586163154998569
MU,2023-09-27,2023-10-02,2,-0.0010288619696325,-0.1028861969632588,0.0007684487313099,1.3064924690566246,0.0009269869126624,1.248737772696889,7.936755559079245e-05,-0.0011082295252232924,-0.0019010038146092035,-0.0020549581468877424
MU,2023-09-27,2023-10-03,3,-0.0019130357240304,-0.1913035724030454,0.0007684487313099,1.3064924690566246,0.0009269869126624,1.248737772696889,-0.013744071674259506,0.011831035950229106,0.015275041681254218,0.014322718813608413
MU,2023-09-27,2023-10-04,4,0.0041281510300599,0.4128151030059923,0.0007684487313099,1.3064924690566246,0.0009269869126624,1.248737772696889,0.008109754957160709,-0.003981603927100809,-0.0072356314786750945,-0.006925793224924918
MU,2023-09-27,2023-10-05,5,0.0138013235197229,1.3801323519722963,0.0007684487313099,1.3064924690566246,0.0009269869126624,1.248737772696889,-0.001304030159777203,0.015105353679500102,0.014736580371584622,0.014502728324310252
MU,2023-09-27,2023-10-06,6,0.0148688507291778,1.4868850729177874,0.0007684487313099,1.3064924690566246,0.0009269869126624,1.248737772696889,0.011814893014644445,0.003053957714533354,-0.00133566674847479,-0.0008118393712437371
MU,2023-09-27,2023-10-09,7,-0.006860975519857,-0.6860975519857093,0.0007684487313099,1.3064924690566246,0.0009269869126624,1.248737772696889,0.00630385429964031,-0.01316482981949731,-0.01586536241967719,-0.01565982341005795
MU,2023-09-27,2023-10-10,8,-0.0059011102608925,-0.5901110260892573,0.0007684487313099,1.3064924690566246,0.0009269869126624,1.248737772696889,0.005207990781392224,-0.011109101042284724,-0.013473759727007668,-0.013331511982136557
MU,2023-09-27,2023-10-11,9,0.0165048676772123,1.6504867677212376,0.0007684487313099,1.3064924690566246,0.0009269869126624,1.248737772696889,0.00429300817103373,0.01221185950617857,0.010127636100848277,0.010217039302883694
MU,2023-09-27,2023-10-12,10,-0.006551608152898,-0.6551608152898014,0.0007684487313099,1.3064924690566246,0.0009269869126624,1.248737772696889,-0.00624643434611849,-0.0003051738067795101,0.000840862547452549,0.00032156344710895096
MU,2023-12-20,2023-12-07,-10,,,0.0008064758329724,1.3241097539708495,0.0010445770325451,1.1140226898694523,0.007968189065892917,,,
MU,2023-12-20,2023-12-08,-9,0.0177867682255141,1.7786768225514171,0.0008064758329724,1.3241097539708495,0.0010445770325451,1.1140226898694523,0.00409549786994079,0.013691270355573309,0.011557403715586261,0.012179713639542948
MU,2023-12-20,2023-12-11,-8,0.0377533522817532,3.775335228175325,0.0008064758329724,1.3241097539708495,0.0010445770325451,1.1140226898694523,0.003924494286698943,0.03382885799505426,0.03175041528435986,0.03233679956756245
MU,2023-12-20,2023-12-12,-7,0.00475637152221,0.475637152221009,0.0008064758329724,1.3241097539708495,0.0010445770325451,1.1140226898694523,0.00459935752021523,0.0001570140019947694,-0.002140158465278566,-0.0014119941466765647
MU,2023-12-20,2023-12-13,-6,0.0208545501512642,2.085455015126425,0.0008064758329724,1.3241097539708495,0.0010445770325451,1.1140226898694523,0.013650676351045998,0.0072038738002182,0.001973080613572587,0.004602809931589517
MU,2023-12-20,2023-12-14,-5,0.0300791541455838,3.007915414558382,0.0008064758329724,1.3241097539708495,0.0010445770325451,1.1140226898694523,0.0026470624846992585,0.02743209166088454,0.025767677057250797,0.026085689443581514
MU,2023-12-20,2023-12-15,-4,-0.0094902003681335,-0.9490200368133528,0.0008064758329724,1.3241097539708495,0.0010445770325451,1.1140226898694523,-7.62494933082003e-05,-0.0094139508748253,-0.010195713503281177,-0.010449833735042217
MU,2023-12-20,2023-12-18,-3,0.0018424189980006,0.1842418998000639,0.0008064758329724,1.3241097539708495,0.0010445770325451,1.1140226898694523,0.004528344366900416,-0.0026859253688998165,-0.0049600817805235935,-0.004246836406814084
MU,2023-12-20,2023-12-19,-2,0.0074790018194947,0.747900181949479,0.0008064758329724,1.3241097539708495,0.0010445770325451,1.1140226898694523,0.005866407818910568,0.0016125940005841319,-0.0010952418272680408,-0.0001008866313443376
MU,2023-12-20,2023-12-20,-1,-0.0423510158505187,-4.23510158505187,0.0008064758329724,1.3241097539708495,0.0010445770325451,1.1140226898694523,-0.014684266911006771,-0.02766674893951193,-0.02371391063671564,-0.027036986360103047
MU,2023-12-20,2023-12-21,0,0.0862881404244921,8.628814042449218,0.0008064758329724,1.3241097539708495,0.0010445770325451,1.1140226898694523,0.010301467821202559,0.07598667260328953,0.07184139056924854,0.07376749450016731
MU,2023-12-20,2023-12-22,1,0.0118153293114449,1.181532931144491,0.0008064758329724,1.3241097539708495,0.0010445770325451,1.1140226898694523,0.0016600585268868873,0.010155270784558013,0.008810753790859095,0.00892140941343655
MU,2023-12-20,2023-12-26,2,0.0065904403372114,0.6590440337211456,0.0008064758329724,1.3241097539708495,0.0010445770325451,1.1140226898694523,0.0042316894655107795,0.0023587508717006203,0.00018074320718048514,0.000831665223605756
MU,2023-12-20,2023-12-27,3,-0.0045943852905402,-0.4594385290540237,0.0008064758329724,1.3241097539708495,0.0010445770325451,1.1140226898694523,0.0014304577464787638,-0.006024843037018964,-0.007294944178268292,-0.007232524709562167
MU,2023-12-20,2023-12-28,4,-0.0076160273034365,-0.7616027303436579,0.0008064758329724,1.3241097539708495,0.0010445770325451,1.1140226898694523,0.0003701746080437829,-0.007986201911480282,-0.008912654945592008,-0.009072987248555904
MU,2023-12-20,2023-12-29,5,-0.0063457815933757,-0.6345781593375732,0.0008064758329724,1.3241097539708495,0.0010445770325451,1.1140226898694523,-0.0028264750133749628,-0.0035193065800007374,-0.0034096942917834247,-0.004241601328672028
MU,2023-12-20,2024-01-02,6,-0.0351535617904252,-3.515356179042528,0.0008064758329724,1.3241097539708495,0.0010445770325451,1.1140226898694523,-0.005660579005492328,-0.02949298278493287,-0.028464809749102597,-0.029892125373053184
MU,2023-12-20,2024-01-03,7,-0.0009714833325631,-0.0971483332563138,0.0008064758329724,1.3241097539708495,0.0010445770325451,1.1140226898694523,-0.008016314922730805,0.007044831590167705,0.008836521614554435,0.006914296347953003
MU,2023-12-20,2024-01-04,8,0.0054704917246897,0.5470491724689719,0.0008064758329724,1.3241097539708495,0.0010445770325451,1.1140226898694523,-0.0034283812973570083,0.008898873022046708,0.00920356900787895,0.008245209246924377
MU,2023-12-20,2024-01-05,9,0.0089468101430267,0.8946810143026784,0.0008064758329724,1.3241097539708495,0.0010445770325451,1.1140226898694523,0.0018256861788026324,0.007121123964224067,0.005722925433011965,0.0058683772827144084
MU,2023-12-20,2024-01-08,10,0.0179749117826115,1.797491178261157,0.0008064758329724,1.3241097539708495,0.0010445770325451,1.1140226898694523,0.014114629309846638,0.0038602824727648616,-0.0015208823932116727,0.0012063174398008365
MU,2024-03-20,2024-03-07,-10,,,0.0007286245196451,1.394496549706771,-0.0001596832910322,1.9716449791818291,0.010304127925951478,,,
MU,2024-03-20,2024-03-08,-9,-0.0137400841650924,-1.3740084165092423,0.0007286245196451,1.394496549706771,-0.0001596832910322,1.9716449791818291,-0.0065285190034379825,-0.007211565161654417,-0.005364711459748147,-0.0007084791594385419
MU,2024-03-20,2024-03-11,-8,-0.0318581410187708,-3.1858141018770825,0.0007286245196451,1.394496549706771,-0.0001596832910322,1.9716449791818291,-0.001122238087346461,-0.030735902931424336,-0.03102180839766173,-0.029485802637375328
MU,2024-03-20,2024-03-12,-7,0.0307902718503929,3.079027185039296,0.0007286245196451,1.394496549706771,-0.0001596832910322,1.9716449791818291,0.011201787981366396,0.019588483869026504,0.014440792640185586,0.008864006110104686
MU,2024-03-20,2024-03-13,-6,-0.033463332224693,-3.3463332224693,0.0007286245196451,1.394496549706771,-0.0001596832910322,1.9716449791818291,-0.0019245297153407392,-0.03153880250935226,-0.03150820669648728,-0.029509159583122994
MU,2024-03-20,2024-03-14,-5,-0.0289932368897695,-2.8993236889769514,0.0007286245196451,1.394496549706771,-0.0001596832910322,1.9716449791818291,-0.0028710915621273925,-0.026122145327642107,-0.02571813413213573,-0.023172780335497512
MU,2024-03-20,2024-03-15,-4,0.0199059068399187,1.9905906839918777,0.0007286245196451,1.394496549706771,-0.0001596832910322,1.9716449791818291,-0.006482917484461503,0.026388824324380205,0.028217688384388866,0.03284760183963952
MU,2024-03-20,2024-03-18,-3,0.0056837530708202,0.5683753070820252,0.0007286245196451,1.394496549706771,-0.0001596832910322,1.9716449791818291,0.006318059504952345,-0.0006343064341321446,-0.0038553836293230143,-0.006613533939258922
MU,2024-03-20,2024-03-19,-2,0.0023458021183366,0.2345802118336681,0.0007286245196451,1.394496549706771,-0.0001596832910322,1.9716449791818291,0.0056491496501236416,-0.0033033475317870414,-0.0062605420971831305,-0.008632632134944264
MU,2024-03-20,2024-03-20,-1,0.02393614868089,2.393614868089,0.0007286245196451,1.394496549706771,-0.0001596832910322,1.9716449791818291,0.008904173912846591,0.01503197476804341,0.010790684361791291,0.006539962182896396
MU,2024-03-20,2024-03-21,0,0.1412987528692839,14.129875286928396,0.0007286245196451,1.394496549706771,-0.0001596832910322,1.9716449791818291,0.0032365354015160275,0.13806221746776787,0.13605679089922088,0.13507713738597277
MU,2024-03-20,2024-03-22,1,0.0032772855205462,0.3277285520546291,0.0007286245196451,1.394496549706771,-0.0001596832910322,1.9716449791818291,-0.0014021878490156903,0.00467947336956189,0.004504007118394238,0.006201585443959955
MU,2024-03-20,2024-03-25,2,0.0627892295277963,6.278922952779631,0.0007286245196451,1.394496549706771,-0.0001596832910322,1.9716449791818291,-0.0030549644525015296,0.06584419398029782,0.06632074239664142,0.0689722181431821
MU,2024-03-20,2024-03-26,3,0.0142575848630686,1.4257584863068606,0.0007286245196451,1.394496549706771,-0.0001596832910322,1.9716449791818291,-0.002799795225030266,0.017057380088098865,0.017433265124613698,0.019937470352268984
MU,2024-03-20,2024-03-27,4,0.0037879657981132,0.3787965798113246,0.0007286245196451,1.394496549706771,-0.0001596832910322,1.9716449791818291,0.008630626525532925,-0.0048426607274197255,-0.008976037633195301,-0.013068882367115108
MU,2024-03-20,2024-03-28,5,-0.0104505186292022,-1.045051862920221,0.0007286245196451,1.394496549706771,-0.0001596832910322,1.9716449791818291,0.0011164855071790214,-0.011567004136381221,-0.012736078336406059,-0.012492148382728795
MU,2024-03-20,2024-04-01,6,0.05437286995263,5.437286995263002,0.0007286245196451,1.394496549706771,-0.0001596832910322,1.9716449791818291,-0.0020135845401164643,0.056386454492746464,0.05645218212672021,0.05850262709234098
MU,2024-03-20,2024-04-02,7,-0.0124698782489061,-1.2469878248906108,0.0007286245196451,1.394496549706771,-0.0001596832910322,1.9716449791818291,-0.0072390590731691296,-0.005230819175736971,-0.0031036598678933543,0.0019626595177406805
MU,2024-03-20,2024-04-03,8,0.0428512591959913,4.285125919599131,0.0007286245196451,1.394496549706771,-0.0001596832910322,1.9716449791818291,0.001091122364688113,0.04176013683130319,0.04060106830348074,0.04085963655501318
MU,2024-03-20,2024-04-04,9,-0.0306225085720777,-3.062250857207771,0.0007286245196451,1.394496549706771,-0.0001596832910322,1.9716449791818291,-0.012334336350379616,-0.018288172221698085,-0.014150943608195621,-0.006143892944279607
MU,2024-03-20,2024-04-05,10,-0.0041099210321338,-0.4109921032133812,0.0007286245196451,1.394496549706771,-0.0001596832910322,1.9716449791818291,0.011099194174331695,-0.015209115206465494,-0.02031633353240994,-0.02583390820788689
MU,2024-06-26,2024-06-12,-10,,,0.0018223045647492,1.6374482310911591,0.0011995458052705,2.435832675979198,0.008503672791998707,,,
MU,2024-06-26,2024-06-13,-9,0.0169806434828745,1.6980643482874536,0.0018223045647492,1.6374482310911591,0.0011995458052705,2.435832675979198,0.0023446558536817097,0.014635987629192791,0.011319086337996654,0.010069908335280191
MU,2024-06-26,2024-06-14,-8,-0.0124354652244556,-1.24354652244556,0.0018223045647492,1.6374482310911591,0.0011995458052705,2.435832675979198,-0.000393860697500914,-0.012041604526954686,-0.013612843286785598,-0.012675632272969415
MU,2024-06-26,2024-06-17,-7,0.0457697465845341,4.576974658453414,0.0018223045647492,1.6374482310911591,0.0011995458052705,2.435832675979198,0.007664386564552705,0.038105360019981396,0.03139740579725923,0.025901037543990174
MU,2024-06-26,2024-06-18,-6,0.0380166955072576,3.8016695507257614,0.0018223045647492,1.6374482310911591,0.0011995458052705,2.435832675979198,0.0025213273947457537,0.035495368112511846,0.03206584785998028,0.03067561804702389
MU,2024-06-26,2024-06-20,-5,-0.0603453470376189,-6.034534703761896,0.0018223045647492,1.6374482310911591,0.0011995458052705,2.435832675979198,-0.0025259318472709014,-0.057819415190348,-0.05803156896719754,-0.055392145512010445
MU,2024-06-26,2024-06-21,-4,-0.032249343480024,-3.224934348002406,0.0018223045647492,1.6374482310911591,0.0011995458052705,2.435832675979198,-0.001562130321101196,-0.030687213158922803,-0.03151374051375218,-0.02964380120501833
MU,2024-06-26,2024-06-24,-3,-0.0037980153677354,-0.3798015367735496,0.0018223045647492,1.6374482310911591,0.0011995458052705,2.435832675979198,-0.003065171894990004,-0.0007328434727453957,-0.0006012596350428814,0.0024686846863038307
MU,2024-06-26,2024-06-25,-2,0.0151786038853309,1.5178603885330988,0.0018223045647492,1.6374482310911591,0.0011995458052705,2.435832675979198,0.003933590015736899,0.011245013869594,0.0069152493074754705,0.004397490985822936
MU,2024-06-26,2024-06-26,-1,0.0087870135832248,0.8787013583224867,0.0018223045647492,1.6374482310911591,0.0011995458052705,2.435832675979198,0.0015724312002203256,0.007214582383004474,0.00438993433116228,0.003757288479728442
MU,2024-06-26,2024-06-27,0,-0.0711576955813552,-7.11576955813552,0.0018223045647492,1.6374482310911591,0.0011995458052705,2.435832675979198,0.0009073212238914774,-0.07206501680524667,-0.07446569167919696,-0.07456732407139
MU,2024-06-26,2024-06-28,1,-0.0052939466920848,-0.5293946692084828,0.0018223045647492,1.6374482310911591,0.0011995458052705,2.435832675979198,-0.004083652583445674,-0.0012102941086391261,-0.0004294815576800391,0.0034536019027485414
MU,2024-06-26,2024-07-01,2,-7.590352638442432e-05,-0.0075903526384424,0.0018223045647492,1.6374482310911591,0.0011995458052705,2.435832675979198,0.0026755639309195,-0.0027514674573039244,-0.006279305516989068,-0.007792675381259992
MU,2024-06-26,2024-07-02,3,0.0081357239387063,0.8135723938706318,0.0018223045647492,1.6374482310911591,0.0011995458052705,2.435832675979198,0.006195317856513505,0.0019404060821927947,-0.003831092891238409,-0.0081545795395372
MU,2024-06-26,2024-07-03,4,0.0319029780074571,3.1902978007457117,0.0018223045647492,1.6374482310911591,0.0011995458052705,2.435832675979198,0.005084444409779065,0.026818533597678038,0.02175515893783384,0.01831857636964699
MU,2024-06-26,2024-07-05,5,-0.0381525653575693,-3.815256535756939,0.0018223045647492,1.6374482310911591,0.0011995458052705,2.435832675979198,0.005448765178485582,-0.04360133053605488,-0.048896940825460825,-0.052624391428332605
MU,2024-06-26,2024-07-08,6,-0.0060460594346911,-0.6046059434691164,0.0018223045647492,1.6374482310911591,0.0011995458052705,2.435832675979198,0.0010166989647510949,-0.007062758399442195,-0.009533155920824193,-0.00972211379993654
MU,2024-06-26,2024-07-09,7,0.0034429444766639,0.3442944476663934,0.0018223045647492,1.6374482310911591,0.0011995458052705,2.435832675979198,0.0007410719362856977,0.0027018725403782024,0.0004071729807323841,0.0004382714337375234
MU,2024-06-26,2024-07-10,8,0.0400338046180142,4.00338046180142,0.0018223045647492,1.6374482310911591,0.0011995458052705,2.435832675979198,0.010208065293514812,0.02982573932449939,0.02149632159553612,0.013969119812271141
MU,2024-06-26,2024-07-11,9,-0.0451647165911501,-4.516471659115018,0.0018223045647492,1.6374482310911591,0.0011995458052705,2.435832675979198,-0.008763028841120457,-0.036401687750029645,-0.0326380150810058,-0.025018990404671267
MU,2024-06-26,2024-07-12,10,0.0254935024533717,2.5493502453371786,0.0018223045647492,1.6374482310911591,0.0011995458052705,2.435832675979198,0.0055170270744306915,0.019976475378941008,0.01463735166471393,0.010855401825941002
MU,2024-09-25,2024-09-12,-10,,,-0.0005260841057624,1.996894123945524,-0.0074300015174737,2.3612787082375917,0.007495302358939249,,,
MU,2024-09-25,2024-09-13,-9,0.04598100206689,4.598100206689004,-0.0005260841057624,1.996894123945524,-0.0074300015174737,2.3612787082375917,0.005407711405364557,0.040573290661525444,0.035708459043286726,0.04064188978258279
MU,2024-09-25,2024-09-16,-8,-0.0442885811662077,-4.428858116620771,-0.0005260841057624,1.996894123945524,-0.0074300015174737,2.3612787082375917,0.0012566297656613212,-0.04554521093186902,-0.04627185365546943,-0.03982583275852768
MU,2024-09-25,2024-09-17,-7,0.0177794179489134,1.7779417948913467,-0.0005260841057624,1.996894123945524,-0.0074300015174737,2.3612787082375917,0.00026455008109871336,0.017514867867814688,0.01777722355224047,0.024584742992626182
MU,2024-09-25,2024-09-18,-6,-0.0155528807717973,-1.5552880771797395,-0.0005260841057624,1.996894123945524,-0.0074300015174737,2.3612787082375917,-0.002896455862498093,-0.012656424909299207,-0.009242880973944892,-0.001283539696856904
MU,2024-09-25,2024-09-19,-5,0.0217516268723239,2.1751626872323904,-0.0005260841057624,1.996894123945524,-0.0074300015174737,2.3612787082375917,0.01697685316676334,0.004774773705560561,-0.01162326735370937,-0.010905453525756604
MU,2024-09-25,2024-09-20,-4,0.0184873505994849,1.848735059948492,-0.0005260841057624,1.996894123945524,-0.0074300015174737,2.3612787082375917,-0.0019410273951238066,0.020428377994608705,0.022889460904987315,0.030500658777170318
MU,2024-09-25,2024-09-23,-3,0.0293729678544636,2.937296785446364,-0.0005260841057624,1.996894123945524,-0.0074300015174737,2.3612787082375917,0.0028092730585327352,0.026563694795930865,0.02428923109708351,0.030169492713198454
MU,2024-09-25,2024-09-24,-2,0.0045954194066428,0.4595419406642875,-0.0005260841057624,1.996894123945524,-0.0074300015174737,2.3612787082375917,0.0025111788443470395,0.0020842405622957605,0.00010694523395228528,0.006095827786383154
MU,2024-09-25,2024-09-25,-1,0.018829803003757,1.8829803003757029,-0.0005260841057624,1.996894123945524,-0.0074300015174737,2.3612787082375917,-0.0018612489301417234,0.020691051933898724,0.0230726041613193,0.03065473199070435
MU,2024-09-25,2024-09-26,0,0.1473321415935558,14.73321415935558,-0.0005260841057624,1.996894123945524,-0.0074300015174737,2.3612787082375917,0.00403867571712313,0.14329346587643266,0.13979341789127353,0.14522570413071045
MU,2024-09-25,2024-09-27,1,-0.0216600185721147,-2.1660018572114748,-0.0005260841057624,1.996894123945524,-0.0074300015174737,2.3612787082375917,-0.0012532169669905446,-0.020406801605124154,-0.01863139286894005,-0.011270822513684133
MU,2024-09-25,2024-09-30,2,-0.0352557070148965,-3.5255707014896553,-0.0005260841057624,1.996894123945524,-0.0074300015174737,2.3612787082375917,0.004236552581176722,-0.03949225959607322,-0.04318956986427214,-0.037829386903684405
MU,2024-09-25,2024-10-01,3,-0.0327838130538046,-3.2783813053804622,-0.0005260841057624,1.996894123945524,-0.0074300015174737,2.3612787082375917,-0.009324107094664358,-0.023459705959140244,-0.013638474279668175,-0.0033369959803728824
MU,2024-09-25,2024-10-02,4,-0.0045857317271211,-0.4585731727121178,-0.0005260841057624,1.996894123945524,-0.0074300015174737,2.3612787082375917,0.00013839090212397487,-0.004724122629245075,-0.004335999600617586,0.002517490299753465
MU,2024-09-25,2024-10-03,5,0.019729568625233,1.9729568625233007,-0.0005260841057624,1.996894123945524,-0.0074300015174737,2.3612787082375917,-0.001681413492255035,0.021410982117488035,0.023613257453602203,0.03112985602171193
MU,2024-09-25,2024-10-04,6,0.0042230741719226,0.4223074171922691,-0.0005260841057624,1.996894123945524,-0.0074300015174737,2.3612787082375917,0.008970249395274354,-0.004747175223351755,-0.01316348003006425,-0.009528183215246167
MU,2024-09-25,2024-10-07,7,0.0075881769119812,0.7588176911981215,-0.0005260841057624,1.996894123945524,-0.0074300015174737,2.3612787082375917,-0.009586022165882668,0.01717419907786387,0.027256532352806246,0.03765344846644725
MU,2024-09-25,2024-10-08,8,-0.0035954859696581,-0.3595485969658196,-0.0005260841057624,1.996894123945524,-0.0074300015174737,2.3612787082375917,0.009689347495581924,-0.013284833465240023,-0.022418002942689523,-0.01904473439021723
MU,2024-09-25,2024-10-09,9,-0.0081919676575775,-0.819196765757757,-0.0005260841057624,1.996894123945524,-0.0074300015174737,2.3612787082375917,0.007113411987488272,-0.015305379645065773,-0.02187061415083408,-0.01755871440908191
MU,2024-09-25,2024-10-10,10,0.0392331496352691,3.923314963526914,-0.0005260841057624,1.996894123945524,-0.0074300015174737,2.3612787082375917,-0.002070122839989974,0.04130327247525908,0.0438930498760529,0.05155128813824746
MU,2024-12-18,2024-12-05,-10,,,-0.0005243742220203,2.2510531847238573,0.0019569002667368,2.149972429204919,-0.0018697756269248078,,,
MU,2024-12-18,2024-12-06,-9,0.0029740265611624,0.2974026561162413,-0.0005243742220203,2.2510531847238573,0.0019569002667368,2.149972429204919,0.0024954538421815275,0.00047857271898087226,-0.0021189985355914136,-0.004348030664618168
MU,2024-12-18,2024-12-09,-8,0.0163092119248315,1.630921192483159,-0.0005243742220203,2.2510531847238573,0.0019569002667368,2.149972429204919,-0.006144213927296471,0.02245342585212797,0.0306645384755172,0.02756220220091899
MU,2024-12-18,2024-12-10,-7,-0.045905408938062,-4.590540893806205,-0.0005243742220203,2.2510531847238573,0.0019569002667368,2.149972429204919,-0.002963883313944371,-0.04294152562411763,-0.038709175743037325,-0.04149004179643789
MU,2024-12-18,2024-12-11,-6,0.0403670259480601,4.036702594806019,-0.0005243742220203,2.2510531847238573,0.0019569002667368,2.149972429204919,0.008165786048233592,0.03220123989982651,0.022509781480430535,0.02085391081483489
MU,2024-12-18,2024-12-12,-5,-0.0374290432487922,-3.742904324879226,-0.0005243742220203,2.2510531847238573,0.0019569002667368,2.149972429204919,-0.005414022527810203,-0.032015020720981995,-0.02471741637337803,-0.02774594434964274
MU,2024-12-18,2024-12-13,-4,0.0433632238051515,4.336322380515156,-0.0005243742220203,2.2510531847238573,0.0019569002667368,2.149972429204919,-2.6466639124200775e-05,0.0433896904442757,0.04394717583946127,0.04146322608282545
MU,2024-12-18,2024-12-16,-3,0.0561951148896282,5.619511488962825,-0.0005243742220203,2.2510531847238573,0.0019569002667368,2.149972429204919,0.0037993543260221863,0.052395760563606016,0.0481669404561619,0.04606970757316326
MU,2024-12-18,2024-12-17,-2,0.0031405684187424,0.314056841874244,-0.0005243742220203,2.2510531847238573,0.0019569002667368,2.149972429204919,-0.003863994965801476,0.007004563384543876,0.012363000814287066,0.009491150795065378
MU,2024-12-18,2024-12-18,-1,-0.0432780637242881,-4.32780637242881,-0.0005243742220203,2.2510531847238573,0.0019569002667368,2.149972429204919,-0.02949284635160343,-0.01378521737268467,0.023636276204080493,0.018173842523699364
MU,2024-12-18,2024-12-19,0,-0.1617901575077885,-16.17901575077886,-0.0005243742220203,2.2510531847238573,0.0019569002667368,2.149972429204919,-0.0008651123249070469,-0.16092504518288145,-0.15931836943164232,-0.16188709012780977
MU,2024-12-18,2024-12-20,1,0.0347915767733704,3.4791576773370414,-0.0005243742220203,2.2510531847238573,0.0019569002667368,2.149972429204919,0.010869123768910471,0.02392245300445993,0.010848975320227008,0.009466360073860227
MU,2024-12-18,2024-12-23,2,-0.0044384643894642,-0.4438464389464269,-0.0005243742220203,2.2510531847238573,0.0019569002667368,2.149972429204919,0.007287273468533639,-0.01172573785799784,-0.02031813031674022,-0.022062801697624826
MU,2024-12-18,2024-12-24,3,-0.0049041713689642,-0.4904171368964261,-0.0005243742220203,2.2510531847238573,0.0019569002667368,2.149972429204919,0.01104275925539211,-0.015946930624356308,-0.029237635536933163,-0.030602699577141478
MU,2024-12-18,2024-12-26,4,0.0060482036352746,0.6048203635274696,-0.0005243742220203,2.2510531847238573,0.0019569002667368,2.149972429204919,-0.00040565878647391695,0.006453862421748517,0.007485737360498226,0.004963458575121447
MU,2024-12-18,2024-12-27,5,-0.0132485983260635,-1.324859832606351,-0.0005243742220203,2.2510531847238573,0.0019569002667368,2.149972429204919,-0.011055736101235558,-0.0021928622248279413,0.012162825856109623,0.008564029209421634
MU,2024-12-18,2024-12-30,6,-0.0362085099203653,-3.620850992036539,-0.0005243742220203,2.2510531847238573,0.0019569002667368,2.149972429204919,-0.010701995701766776,-0.025506514218598522,-0.011593374190981866,-0.015156414490833981
MU,2024-12-18,2024-12-31,7,-0.0134802111684411,-1.3480211168441114,-0.0005243742220203,2.2510531847238573,0.0019569002667368,2.149972429204919,-0.004284800394927402,-0.009195410773513699,-0.0033105233715134304,-0.006224908721437638
MU,2024-12-18,2025-01-02,8,0.0376663508257308,3.7666350825730888,-0.0005243742220203,2.2510531847238573,0.0019569002667368,2.149972429204919,-0.0022238866412221947,0.03989023746695299,0.04319681215393916,0.04049074552329885
MU,2024-12-18,2025-01-03,9,0.0290851350852698,2.9085135085269886,-0.0005243742220203,2.2510531847238573,0.0019569002667368,2.149972429204919,0.01259602672149196,0.01648910836377784,0.001255183241008817,4.7124649796857765e-05
MU,2024-12-18,2025-01-06,10,0.1044841040722128,10.448410407221289,-0.0005243742220203,2.2510531847238573,0.0019569002667368,2.149972429204919,0.005538045085450305,0.0989460589867625,0.09254204426748588,0.09062055956006404
MU,2025-03-20,2025-03-07,-10,,,7.050987745042944e-05,2.330005423654813,0.0025910768150132,2.271107084992102,0.00552061780274804,,,
MU,2025-03-20,2025-03-10,-9,-0.0632529497965812,-6.325294979658125,7.050987745042944e-05,2.330005423654813,0.0025910768150132,2.271107084992102,-0.0269730913054258,-0.036279858491155406,-0.0004760106396530378,-0.004585247843703004
MU,2025-03-20,2025-03-11,-8,0.0226228426296883,2.262284262968839,7.050987745042944e-05,2.330005423654813,0.0025910768150132,2.271107084992102,-0.007567865323653167,0.030190707953341465,0.04018550000183893,0.03721919836948985
MU,2025-03-20,2025-03-12,-7,0.0740033767028134,7.400337670281343,7.050987745042944e-05,2.330005423654813,0.0025910768150132,2.271107084992102,0.004886869929446425,0.06911650677336698,0.06254643338505719,0.06031369496759957
MU,2025-03-20,2025-03-13,-6,-0.0079465203740729,-0.7946520374072952,7.050987745042944e-05,2.330005423654813,0.0025910768150132,2.271107084992102,-0.013890984206835322,0.005944463832762422,0.02434903829030632,0.021010315460570996
MU,2025-03-20,2025-03-14,-5,0.0622892831883086,6.228928318830862,7.050987745042944e-05,2.330005423654813,0.0025910768150132,2.271107084992102,0.021265869083087807,0.04102341410522079,0.012669183008530378,0.01140114043018018
MU,2025-03-20,2025-03-17,-4,0.0230181780375504,2.3018178037550463,7.050987745042944e-05,2.330005423654813,0.0025910768150132,2.271107084992102,0.006416130719105961,0.01660204731844444,0.007998048785704827,0.005855381288140182
MU,2025-03-20,2025-03-18,-3,-0.0134808269244175,-1.3480826924417544,7.050987745042944e-05,2.330005423654813,0.0025910768150132,2.271107084992102,-0.010653512117636543,-0.002827314806780957,0.011271404213197488,0.008123363110982865
MU,2025-03-20,2025-03-19,-2,0.0033424408035132,0.3342440803513202,7.050987745042944e-05,2.330005423654813,0.0025910768150132,2.271107084992102,0.010798495567894584,-0.007456054764381384,-0.021888622314444068,-0.023773175803001204
MU,2025-03-20,2025-03-20,-1,0.0092104036529319,0.9210403652931908,7.050987745042944e-05,2.330005423654813,0.0025910768150132,2.271107084992102,-0.0021848931523151816,0.011395296805247082,0.014230706670482105,0.011581453156092436
MU,2025-03-20,2025-03-21,0,-0.0803884213182863,-8.038842131828638,7.050987745042944e-05,2.330005423654813,0.0025910768150132,2.271107084992102,0.0008246534476661349,-0.08121307476595244,-0.08238037820143447,-0.08485237442095722
MU,2025-03-20,2025-03-24,1,0.0234374747466257,2.343747474662572,7.050987745042944e-05,2.330005423654813,0.0025910768150132,2.271107084992102,0.017646000146633645,0.005791474599992054,-0.017748311178294743,-0.01922955802317884
MU,2025-03-20,2025-03-25,2,-0.0284710634268886,-2.8471063426888654,7.050987745042944e-05,2.330005423654813,0.0025910768150132,2.271107084992102,0.0015743334544251475,-0.030045396881313746,-0.032209778791790836,-0.03463762010438684
MU,2025-03-20,2025-03-26,3,-0.0217669191203734,-2.176691912037343,7.050987745042944e-05,2.330005423654813,0.0025910768150132,2.271107084992102,-0.011156934922627149,-0.010609984197746253,0.004158289883261217,0.000980598014187723
MU,2025-03-20,2025-03-27,4,-0.0105285572701123,-1.052855727011237,7.050987745042944e-05,2.330005423654813,0.0025910768150132,2.271107084992102,-0.003306980860763864,-0.007221576409348436,-0.002893783806060264,-0.005609126422311409
MU,2025-03-20,2025-03-28,5,-0.0298377101359395,-2.98377101359395,7.050987745042944e-05,2.330005423654813,0.0025910768150132,2.271107084992102,-0.01973722070834405,-0.01010048942759545,0.016079611284923793,0.012396554837820303
MU,2025-03-20,2025-03-31,6,-0.0162468157520321,-1.6246815752032129,7.050987745042944e-05,2.330005423654813,0.0025910768150132,2.271107084992102,0.005538521570653376,-0.021785337322685477,-0.029222110928134072,-0.03141646814653777
MU,2025-03-20,2025-04-01,7,0.020946079518596,2.094607951859606,7.050987745042944e-05,2.330005423654813,0.0025910768150132,2.271107084992102,0.0037812354559083605,0.01716484406268764,0.01206527052076321,0.00976741206964598
MU,2025-03-20,2025-04-02,8,-0.0012400356585653,-0.1240035658565341,7.050987745042944e-05,2.330005423654813,0.0025910768150132,2.271107084992102,0.006728194715792668,-0.007968230374357968,-0.016987275715218297,-0.01911156316182165
MU,2025-03-20,2025-04-03,9,-0.1609481010326472,-16.094810103264724,7.050987745042944e-05,2.330005423654813,0.0025910768150132,2.271107084992102,-0.04839563335990149,-0.11255246767274571,-0.048256522700317356,-0.05362751204130799
MU,2025-03-20,2025-04-04,10,-0.1294053250750562,-12.94053250750562,7.050987745042944e-05,2.330005423654813,0.0025910768150132,2.271107084992102,-0.05974960534553109,-0.06965571972952511,0.009741069563815402,0.003701350135648235
MU,2025-06-25,2025-06-11,-10,,,-0.0006715987039335,2.1991119666278895,0.003669804076138,2.131349118557065,-0.002743888954607865,,,
MU,2025-06-25,2025-06-12,-9,0.0012928290384304,0.129282903843042,-0.0006715987039335,2.1991119666278895,0.003669804076138,2.131349118557065,0.0038224199557175265,-0.0025295909172871264,-0.00644150172373176,-0.010523886441081088
MU,2025-06-25,2025-06-13,-8,-0.0049923134440902,-0.4992313444090235,-0.0006715987039335,2.1991119666278895,0.003669804076138,2.131349118557065,-0.011296379879250695,0.006304066435160495,0.020521289431878018,0.015414411778298536
MU,2025-06-25,2025-06-16,-7,0.03667826096272,3.667826096272009,-0.0006715987039335,2.1991119666278895,0.003669804076138,2.131349118557065,0.009392659896159117,0.02728560106656088,0.016694348890544115,0.012989419495996968
MU,2025-06-25,2025-06-17,-6,0.0041721676498747,0.4172167649874714,-0.0006715987039335,2.1991119666278895,0.003669804076138,2.131349118557065,-0.008352184790166306,0.012524352440041006,0.023211155873350372,0.018303785264283383
MU,2025-06-25,2025-06-18,-5,0.012298511467526,1.229851146752603,-0.0006715987039335,2.1991119666278895,0.003669804076138,2.131349118557065,-0.0003092402101070313,0.012607751677633032,0.013650164018068395,0.009287806240622023
MU,2025-06-25,2025-06-20,-4,0.0146116713398058,1.4611671339805898,-0.0006715987039335,2.1991119666278895,0.003669804076138,2.131349118557065,-0.002178658486505891,0.016790329826311692,0.02007438399260981,0.015585349108519001
MU,2025-06-25,2025-06-23,-3,-0.0122976618510367,-1.2297661851036756,-0.0006715987039335,2.1991119666278895,0.003669804076138,2.131349118557065,0.009606504133156335,-0.021904165984193036,-0.03275184134378758,-0.036442280043792255
MU,2025-06-25,2025-06-24,-2,0.0477555525860553,4.775555258605535,-0.0006715987039335,2.1991119666278895,0.003669804076138,2.131349118557065,0.01112172017970181,0.03663383240635349,0.023969243353319666,0.020381480008071523
MU,2025-06-25,2025-06-25,-1,-0.0051599258469087,-0.515992584690872,-0.0006715987039335,2.1991119666278895,0.003669804076138,2.131349118557065,-3.2861029504172024e-06,-0.005156639743958283,-0.004481100634653366,-0.008822726090419841
MU,2025-06-25,2025-06-26,0,-0.009823097615876,-0.9823097615876076,-0.0006715987039335,2.1991119666278895,0.003669804076138,2.131349118557065,0.008020121275230219,-0.017843218891106218,-0.026788643582108203,-0.030586580102696694
MU,2025-06-25,2025-06-27,1,-0.0098413128496992,-0.9841312849699246,-0.0006715987039335,2.1991119666278895,0.003669804076138,2.131349118557065,0.005218970885222163,-0.015060283734921362,-0.020646815472940307,-0.024634565921830442
MU,2025-06-25,2025-06-30,2,-0.0121032353049845,-1.2103235304984583,-0.0006715987039335,2.1991119666278895,0.003669804076138,2.131349118557065,0.005164427424532603,-0.017267662729517103,-0.022788790751121897,-0.026780237220251996
MU,2025-06-25,2025-07-01,3,-0.0191480794486421,-1.9148079448642163,-0.0006715987039335,2.1991119666278895,0.003669804076138,2.131349118557065,-0.001118531087121899,-0.018029548361520202,-0.01601670564597353,-0.020433903278164165
MU,2025-06-25,2025-07-02,4,0.0070311950154344,0.7031195015434477,-0.0006715987039335,2.1991119666278895,0.003669804076138,2.131349118557065,0.004745096791088033,0.0022860982243463673,-0.0027322054167213906,-0.006752066923857038
MU,2025-06-25,2025-07-03,5,0.0045178457985912,0.4517845798591269,-0.0006715987039335,2.1991119666278895,0.003669804076138,2.131349118557065,0.008338955206607324,-0.003821109408016124,-0.013148851681499409,-0.016925183106836172
MU,2025-06-25,2025-07-07,6,-0.0184571248147416,-1.84571248147416,-0.0006715987039335,2.1991119666278895,0.003669804076138,2.131349118557065,-0.007862297279128794,-0.010594827535612805,-0.0004954540790900706,-0.005369628515174835
MU,2025-06-25,2025-07-08,7,0.0375250271080567,3.752502710805672,-0.0006715987039335,2.1991119666278895,0.003669804076138,2.131349118557065,-0.0007158868810946961,0.038240913989151394,0.03977094121895746,0.03538102790492645
MU,2025-06-25,2025-07-09,8,-0.0175213095224283,-1.7521309522428363,-0.0006715987039335,2.1991119666278895,0.003669804076138,2.131349118557065,0.0060621034026635545,-0.023583412925091855,-0.03018095495422787,-0.03411157234243505
MU,2025-06-25,2025-07-10,9,0.0071171306708064,0.7117130670806437,-0.0006715987039335,2.1991119666278895,0.003669804076138,2.131349118557065,0.0027462050044453346,0.004370925666361066,0.001749517086650768,-0.0024057950209331663
MU,2025-06-25,2025-07-11,10,0.0115344222766939,1.153442227669399,-0.0006715987039335,2.1991119666278895,0.003669804076138,2.131349118557065,-0.0032975229626984737,0.014831945239392373,0.019457643188127864,0.014892790860524974
MU,2025-09-23,2025-09-10,-10,,,0.0017911615573253,2.135233460721692,0.0023753524410781,1.5444646080730082,0.002983469943562689,,,
MU,2025-09-23,2025-09-11,-9,0.0755000630073661,7.550006300736611,0.0017911615573253,2.135233460721692,0.0023753524410781,1.5444646080730082,0.008485890387959882,0.06701417261940622,0.055589544349652284,0.06001855319409703
MU,2025-09-23,2025-09-12,-8,0.0442318706849274,4.42318706849274,0.0017911615573253,2.135233460721692,0.0023753524410781,1.5444646080730082,-0.00048276131466740146,0.0447146319995948,0.04347151724022193,0.0426021260084999
MU,2025-09-23,2025-09-15,-7,0.0034344581273562,0.343445812735621,0.0017911615573253,2.135233460721692,0.0023753524410781,1.5444646080730082,0.004706619226962694,-0.001272161099606494,-0.008406434290255907,-0.006210101133441722
MU,2025-09-23,2025-09-16,-6,0.0066552612065615,0.6655261206561569,0.0017911615573253,2.135233460721692,0.0023753524410781,1.5444646080730082,-0.0012879303382402618,0.007943191544801761,0.007614131602525413,0.006269071590558983
MU,2025-09-23,2025-09-17,-5,0.0073669084730458,0.7366908473045886,0.0017911615573253,2.135233460721692,0.0023753524410781,1.5444646080730082,-0.0009701681605103207,0.00833707663355612,0.00764728243456895,0.006489946419755184
MU,2025-09-23,2025-09-18,-4,0.0556283792195611,5.56283792195611,0.0017911615573253,2.135233460721692,0.0023753524410781,1.5444646080730082,0.004789119185128365,0.05083926003443273,0.043611330130765506,0.04585640169320879
MU,2025-09-23,2025-09-19,-3,-0.0364734279637453,-3.647342796374531,0.0017911615573253,2.135233460721692,0.0023753524410781,1.5444646080730082,0.004885418870829605,-0.04135884683457491,-0.04869609936370716,-0.04639413694643173
MU,2025-09-23,2025-09-22,-2,0.011614280303688,1.1614280303688052,0.0017911615573253,2.135233460721692,0.0023753524410781,1.5444646080730082,0.004410046474333074,0.007204233829354926,0.00040663995102899544,0.0024277671630453176
MU,2025-09-23,2025-09-23,-1,0.0108736498404535,1.087364984045358,0.0017911615573253,2.135233460721692,0.0023753524410781,1.5444646080730082,-0.005502159197012135,0.016375809037465633,0.02083088270680611,0.016996187547144045
MU,2025-09-23,2025-09-24,0,-0.0282435734334928,-2.824357343349282,0.0017911615573253,2.135233460721692,0.0023753524410781,1.5444646080730082,-0.002846617843333288,-0.025396955590159514,-0.023956541321845447,-0.026222425362833524
MU,2025-09-23,2025-09-25,1,-0.0301774350360921,-3.017743503609216,0.0017911615573253,2.135233460721692,0.0023753524410781,1.5444646080730082,-0.0050090613431266195,-0.02516837369296548,-0.021273081206765902,-0.02481646951304449
MU,2025-09-23,2025-09-26,2,0.0028054729561854,0.2805472956185495,0.0017911615573253,2.135233460721692,0.0023753524410781,1.5444646080730082,0.005901836747171263,-0.0030963637909858627,-0.011587487903416849,-0.008685057463523443
MU,2025-09-23,2025-09-29,3,0.0421568619833501,4.215686198335011,0.0017911615573253,2.135233460721692,0.0023753524410781,1.5444646080730082,0.00263554421636214,0.03952131776698796,0.03473819822803683,0.03571100477708916
MU,2025-09-23,2025-09-30,4,0.0208664385958519,2.086643859585191,0.0017911615573253,2.135233460721692,0.0023753524410781,1.5444646080730082,0.0040908483833717035,0.016775590212480197,0.010340360687612099,0.012172915609663522
MU,2025-09-23,2025-10-01,5,0.0886324290710154,8.863242907101544,0.0017911615573253,2.135233460721692,0.0023753524410781,1.5444646080730082,0.003399920834961989,0.08523250823605341,0.07958164278307443,0.08100601923008847
MU,2025-09-23,2025-10-02,6,0.0087839985818138,0.878399858181389,0.0017911615573253,2.135233460721692,0.0023753524410781,1.5444646080730082,0.0006183547238911569,0.008165643857922643,0.005672505327440779,0.005453619154451051
MU,2025-09-23,2025-10-03,7,0.0228442715337182,2.2844271533718263,0.0017911615573253,2.135233460721692,0.0023753524410781,1.5444646080730082,6.551280273581206e-05,0.02277875873098239,0.020913224847885735,0.02036773688743897
MU,2025-09-23,2025-10-06,8,0.0166640172630587,1.6664017263058772,0.0017911615573253,2.135233460721692,0.0023753524410781,1.5444646080730082,0.0036465919796933033,0.013017425283365396,0.007086530493092902,0.008656632569261406
MU,2025-09-23,2025-10-07,9,-0.0275973822236038,-2.759738222360386,0.0017911615573253,2.135233460721692,0.0023753524410781,1.5444646080730082,-0.0038114057910215715,-0.023785976432582227,-0.02125030260355141,-0.024086153313444575
MU,2025-09-23,2025-10-08,10,0.0584306783380379,5.8430678338037945,0.0017911615573253,2.135233460721692,0.0023753524410781,1.5444646080730082,0.0058276636405680815,0.05260301469746982,0.04419609437754045,0.0470547056563485
MU,2025-12-17,2025-12-04,-10,,,0.0028676246908387,2.246711574757853,0.0046160693218427,3.218293925627041,0.0010803218396737702,,,
MU,2025-12-17,2025-12-05,-9,0.0466357968649226,4.66357968649227,0.0028676246908387,2.246711574757853,0.0046160693218427,3.218293925627041,0.001936641757662061,0.04469915510726054,0.03941709672098515,0.03578704513828041
MU,2025-12-17,2025-12-08,-8,0.0408902810084728,4.089028100847281,0.0028676246908387,2.246711574757853,0.0046160693218427,3.218293925627041,-0.003477255626794018,0.04436753663526682,0.045835046782744096,0.04746504234819374
MU,2025-12-17,2025-12-09,-7,0.0222744558568224,2.2274455856822417,0.0028676246908387,2.246711574757853,0.0046160693218427,3.218293925627041,-0.0008763589340257116,0.02315081479084811,0.021375756926701718,0.020478767169023637
MU,2025-12-17,2025-12-10,-6,0.0447269419651779,4.47269419651779,0.0028676246908387,2.246711574757853,0.0046160693218427,3.218293925627041,0.00674955693920154,0.03797738502597636,0.026695009574547915,0.018388814545229046
MU,2025-12-17,2025-12-11,-5,-0.0199081729416159,-1.9908172941615951,0.0028676246908387,2.246711574757853,0.0046160693218427,3.218293925627041,0.002079350841514227,-0.02198752378313013,-0.027447499236067097,-0.031216204445951315
MU,2025-12-17,2025-12-12,-4,-0.0670122966567707,-6.701229665677078,0.0028676246908387,2.246711574757853,0.0046160693218427,3.218293925627041,-0.010663649289958,-0.05634864736681271,-0.04592177705870241,-0.037309608243724465
MU,2025-12-17,2025-12-15,-3,-0.0150949210573243,-1.509492105732435,0.0028676246908387,2.246711574757853,0.0046160693218427,3.218293925627041,-0.0015965630269072495,-0.013498358030417051,-0.01437552911578005,-0.014572781287790677
MU,2025-12-17,2025-12-16,-2,-0.0210105527423406,-2.101055274234065,0.0028676246908387,2.246711574757853,0.0046160693218427,3.218293925627041,-0.0023839179519623555,-0.018626634790378245,-0.018522201377232442,-0.017954473400189595
MU,2025-12-17,2025-12-17,-1,-0.0300631804019299,-3.00631804019299,0.0028676246908387,2.246711574757853,0.0046160693218427,3.218293925627041,-0.011592143912241393,-0.018471036489688508,-0.00688660118887708,0.0026276766139883556
MU,2025-12-17,2025-12-18,0,0.102119501322315,10.211950132231507,0.0028676246908387,2.246711574757853,0.0046160693218427,3.218293925627041,0.007934262269941872,0.09418523905237312,0.08142587775243337,0.07196864393278656
MU,2025-12-17,2025-12-19,1,0.0698853577744551,6.988535777445515,0.0028676246908387,2.246711574757853,0.0046160693218427,3.218293925627041,0.008818059450332205,0.0610672983241229,0.04720609684965217,0.03689018128779015
MU,2025-12-17,2025-12-22,2,0.0401248061456591,4.012480614565916,0.0028676246908387,2.246711574757853,0.0046160693218427,3.218293925627041,0.006436496360377575,0.03368830978528153,0.022796230581073308,0.014794199684892696
MU,2025-12-17,2025-12-23,3,-0.0011569994881696,-0.1156999488169607,0.0028676246908387,2.246711574757853,0.0046160693218427,3.218293925627041,0.004550388765703239,-0.005707388253872839,-0.014248035288561868,-0.020417557333916564
MU,2025-12-17,2025-12-24,4,0.0376806286639455,3.7680628663945503,0.0028676246908387,2.246711574757853,0.0046160693218427,3.218293925627041,0.0032214822012188726,0.034459146462726624,0.02757526262375195,0.02269688274240447
MU,2025-12-17,2025-12-26,5,-0.0065926620665918,-0.6592662066591815,0.0028676246908387,2.246711574757853,0.0046160693218427,3.218293925627041,-0.00030436354912266594,-0.006288298517469134,-0.008776469648682226,-0.010229200027110736
MU,2025-12-17,2025-12-29,6,0.034056296418903,3.4056296418903065,0.0028676246908387,2.246711574757853,0.0046160693218427,3.218293925627041,-0.00349205148036813,0.03754834789927113,0.03903430420865768,0.04067867516430597
MU,2025-12-17,2025-12-30,7,-0.0059108953467975,-0.5910895346797562,0.0028676246908387,2.246711574757853,0.0046160693218427,3.218293925627041,-0.0013756671519022934,-0.004535228194895206,-0.0056877927244431475,-0.006099663429988397
MU,2025-12-17,2025-12-31,8,-0.0246727987568959,-2.4672798756895986,0.0028676246908387,2.246711574757853,0.0046160693218427,3.218293925627041,-0.007357666300846111,-0.01731513245604979,-0.011009869406417844,-0.0056097353159347794
MU,2025-12-17,2026-01-02,9,0.1051470144023163,10.514701440231631,0.0028676246908387,2.246711574757853,0.0046160693218427,3.218293925627041,0.0018947067188299638,0.10325230768348634,0.09802253019551085,0.09443322195641839
MU,2025-12-17,2026-01-05,10,-0.0103671910216286,-1.036719102162864,0.0028676246908387,2.246711574757853,0.0046160693218427,3.218293925627041,0.006354126864826393,-0.016721317886454992,-0.027510706087152587,-0.03543270823520567
