ticker,earnings_date,announce_timing,day0_date,date,offset,open,high,low,close,adj_close,volume
HD,2021-02-23,bmo,2021-02-23,2021-02-08,-10,279.69000244140625,280.4200134277344,276.8900146484375,280.0299987792969,247.9192352294922,3475600.0
HD,2021-02-23,bmo,2021-02-23,2021-02-09,-9,279.6600036621094,280.20001220703125,276.6199951171875,276.7699890136719,245.03305053710935,2507800.0
HD,2021-02-23,bmo,2021-02-23,2021-02-10,-8,278.0299987792969,278.92999267578125,276.25,278.69000244140625,246.73291015625,2410600.0
HD,2021-02-23,bmo,2021-02-23,2021-02-11,-7,277.92999267578125,280.25,276.010009765625,277.05999755859375,245.2897796630859,2595300.0
HD,2021-02-23,bmo,2021-02-23,2021-02-12,-6,277.1199951171875,278.7099914550781,276.5799865722656,277.510009765625,245.6882171630859,2392200.0
HD,2021-02-23,bmo,2021-02-23,2021-02-16,-5,277.010009765625,278.6300048828125,274.8800048828125,275.3900146484375,243.81134033203125,2873500.0
HD,2021-02-23,bmo,2021-02-23,2021-02-17,-4,275.5400085449219,281.7900085449219,275.3999938964844,280.9200134277344,248.70713806152344,3536400.0
HD,2021-02-23,bmo,2021-02-23,2021-02-18,-3,280.79998779296875,284.67999267578125,279.8299865722656,283.04998779296875,250.5929718017578,3532000.0
HD,2021-02-23,bmo,2021-02-23,2021-02-19,-2,282.8699951171875,283.9100036621094,279.44000244140625,279.6400146484375,247.57403564453125,4079900.0
HD,2021-02-23,bmo,2021-02-23,2021-02-22,-1,278.2099914550781,278.489990234375,273.6300048828125,275.8500061035156,244.21856689453125,3995500.0
HD,2021-02-23,bmo,2021-02-23,2021-02-23,0,269.3800048828125,269.6700134277344,257.5799865722656,267.239990234375,236.59585571289065,12111000.0
HD,2021-02-23,bmo,2021-02-23,2021-02-24,1,263.2300109863281,266.989990234375,254.02999877929688,259.9700012207031,230.1595001220703,14512700.0
HD,2021-02-23,bmo,2021-02-23,2021-02-25,2,259.75,260.8999938964844,254.7100067138672,255.25,225.98074340820312,6545400.0
HD,2021-02-23,bmo,2021-02-23,2021-02-26,3,257.7699890136719,260.239990234375,256.1099853515625,258.3399963378906,228.7163848876953,7871200.0
HD,2021-02-23,bmo,2021-02-23,2021-03-01,4,258.80999755859375,262.4800109863281,258.4700012207031,261.6199951171875,231.62030029296875,4528900.0
HD,2021-02-23,bmo,2021-02-23,2021-03-02,5,261.67999267578125,263.1099853515625,259.7699890136719,260.2900085449219,230.44285583496097,3740300.0
HD,2021-02-23,bmo,2021-02-23,2021-03-03,6,259.2799987792969,260.5,256.010009765625,257.3599853515625,227.84881591796875,4257500.0
HD,2021-02-23,bmo,2021-02-23,2021-03-04,7,256.0,256.8599853515625,247.1000061035156,250.92999267578125,222.15611267089844,7154900.0
HD,2021-02-23,bmo,2021-02-23,2021-03-05,8,252.2599945068359,254.1999969482422,246.58999633789065,253.52000427246097,224.44911193847656,6351800.0
HD,2021-02-23,bmo,2021-02-23,2021-03-08,9,254.22999572753903,263.2300109863281,252.52000427246097,259.0299987792969,229.32733154296875,5037400.0
HD,2021-02-23,bmo,2021-02-23,2021-03-09,10,262.7300109863281,267.57000732421875,261.7900085449219,264.9599914550781,234.57728576660156,6625300.0
HD,2021-05-18,bmo,2021-05-18,2021-05-04,-10,329.1199951171875,333.2300109863281,328.8800048828125,332.7699890136719,296.4577941894531,3954400.0
HD,2021-05-18,bmo,2021-05-18,2021-05-05,-9,334.25,334.25,331.1600036621094,332.04998779296875,295.8162841796875,3227200.0
HD,2021-05-18,bmo,2021-05-18,2021-05-06,-8,333.6700134277344,337.80999755859375,333.2300109863281,337.5799865722656,300.742919921875,3539600.0
HD,2021-05-18,bmo,2021-05-18,2021-05-07,-7,336.67999267578125,339.80999755859375,335.5299987792969,339.25,302.23065185546875,2998100.0
HD,2021-05-18,bmo,2021-05-18,2021-05-10,-6,340.45001220703125,345.69000244140625,339.5400085449219,341.1199951171875,303.8965148925781,4840600.0
HD,2021-05-18,bmo,2021-05-18,2021-05-11,-5,337.54998779296875,338.0,328.2099914550781,330.6600036621094,294.5780334472656,5500900.0
HD,2021-05-18,bmo,2021-05-18,2021-05-12,-4,326.5199890136719,328.79998779296875,316.2699890136719,317.0,282.4085693359375,5822000.0
HD,2021-05-18,bmo,2021-05-18,2021-05-13,-3,319.0,327.4200134277344,318.69000244140625,325.4200134277344,289.9098205566406,5159800.0
HD,2021-05-18,bmo,2021-05-18,2021-05-14,-2,326.2900085449219,327.32000732421875,321.8599853515625,323.6300048828125,288.3151550292969,3998000.0
HD,2021-05-18,bmo,2021-05-18,2021-05-17,-1,321.0,322.8299865722656,315.30999755859375,320.010009765625,285.09014892578125,4388000.0
HD,2021-05-18,bmo,2021-05-18,2021-05-18,0,320.0,324.55999755859375,314.7799987792969,316.75,282.1859436035156,7010300.0
HD,2021-05-18,bmo,2021-05-18,2021-05-19,1,312.0,314.75,309.07000732421875,314.45001220703125,280.13690185546875,5242100.0
HD,2021-05-18,bmo,2021-05-18,2021-05-20,2,314.8900146484375,319.7099914550781,314.8900146484375,315.8999938964844,281.42864990234375,3854700.0
HD,2021-05-18,bmo,2021-05-18,2021-05-21,3,317.0,319.2799987792969,314.45001220703125,315.7699890136719,281.3128356933594,3920600.0
HD,2021-05-18,bmo,2021-05-18,2021-05-24,4,316.8399963378906,318.739990234375,314.5899963378906,314.8399963378906,280.48431396484375,2930600.0
HD,2021-05-18,bmo,2021-05-18,2021-05-25,5,315.5299987792969,317.1000061035156,314.25,316.75,282.1859436035156,3523300.0
HD,2021-05-18,bmo,2021-05-18,2021-05-26,6,317.80999755859375,321.3800048828125,316.67999267578125,317.3299865722656,282.7026062011719,2881600.0
HD,2021-05-18,bmo,2021-05-18,2021-05-27,7,317.29998779296875,320.4100036621094,317.29998779296875,318.7699890136719,283.98541259765625,3734800.0
HD,2021-05-18,bmo,2021-05-18,2021-05-28,8,320.3699951171875,321.510009765625,318.8500061035156,318.9100036621094,284.1101989746094,3194000.0
HD,2021-05-18,bmo,2021-05-18,2021-06-01,9,320.6600036621094,321.260009765625,315.1700134277344,316.30999755859375,281.7939147949219,3549800.0
HD,2021-05-18,bmo,2021-05-18,2021-06-02,10,315.4800109863281,316.9800109863281,312.4100036621094,313.2300109863281,280.5132751464844,3380100.0
HD,2021-08-17,bmo,2021-08-17,2021-08-03,-10,328.3500061035156,333.010009765625,328.0299987792969,331.94000244140625,297.2690734863281,2405900.0
HD,2021-08-17,bmo,2021-08-17,2021-08-04,-9,330.69000244140625,331.9200134277344,329.3900146484375,330.30999755859375,295.8092956542969,1783700.0
HD,2021-08-17,bmo,2021-08-17,2021-08-05,-8,331.9599914550781,336.0,331.0899963378906,333.1099853515625,298.31689453125,2284000.0
HD,2021-08-17,bmo,2021-08-17,2021-08-06,-7,334.69000244140625,335.7099914550781,329.1199951171875,329.8399963378906,295.38836669921875,2656600.0
HD,2021-08-17,bmo,2021-08-17,2021-08-09,-6,329.2300109863281,331.07000732421875,327.32000732421875,328.760009765625,294.4211730957031,1995300.0
HD,2021-08-17,bmo,2021-08-17,2021-08-10,-5,328.6700134277344,333.239990234375,327.1499938964844,331.4800109863281,296.8570556640625,1868100.0
HD,2021-08-17,bmo,2021-08-17,2021-08-11,-4,333.79998779296875,338.54998779296875,333.3999938964844,337.0,301.800537109375,3258600.0
HD,2021-08-17,bmo,2021-08-17,2021-08-12,-3,337.3500061035156,338.1700134277344,332.2799987792969,334.0199890136719,299.1317443847656,2554200.0
HD,2021-08-17,bmo,2021-08-17,2021-08-13,-2,333.8599853515625,335.79998779296875,330.9800109863281,331.32000732421875,296.7137756347656,2217000.0
HD,2021-08-17,bmo,2021-08-17,2021-08-16,-1,330.7099914550781,335.6300048828125,327.9700012207031,335.04998779296875,300.05419921875,3496300.0
HD,2021-08-17,bmo,2021-08-17,2021-08-17,0,321.0,323.5899963378906,316.6099853515625,320.75,287.2478332519531,9322800.0
HD,2021-08-17,bmo,2021-08-17,2021-08-18,1,319.3399963378906,327.8599853515625,319.0,321.54998779296875,287.9642028808594,4880600.0
HD,2021-08-17,bmo,2021-08-17,2021-08-19,2,318.7900085449219,325.19000244140625,317.79998779296875,322.8999938964844,289.1732177734375,2974700.0
HD,2021-08-17,bmo,2021-08-17,2021-08-20,3,322.6400146484375,329.67999267578125,322.4700012207031,329.239990234375,294.85107421875,2929900.0
HD,2021-08-17,bmo,2021-08-17,2021-08-23,4,330.0,330.5299987792969,327.3800048828125,327.739990234375,293.5077209472656,2792700.0
HD,2021-08-17,bmo,2021-08-17,2021-08-24,5,328.760009765625,328.8399963378906,324.510009765625,324.8999938964844,290.9642639160156,2359500.0
HD,2021-08-17,bmo,2021-08-17,2021-08-25,6,324.1499938964844,326.55999755859375,323.1099853515625,323.8800048828125,290.0509338378906,2586900.0
HD,2021-08-17,bmo,2021-08-17,2021-08-26,7,323.2099914550781,324.989990234375,321.0,321.4800109863281,287.9015197753906,2952300.0
HD,2021-08-17,bmo,2021-08-17,2021-08-27,8,320.8800048828125,324.04998779296875,319.6499938964844,323.3800048828125,289.6031494140625,2985400.0
HD,2021-08-17,bmo,2021-08-17,2021-08-30,9,325.9100036621094,329.5,325.2099914550781,327.1000061035156,292.9346008300781,2926900.0
HD,2021-08-17,bmo,2021-08-17,2021-08-31,10,327.0,328.2699890136719,323.6199951171875,326.17999267578125,292.11065673828125,4183100.0
HD,2021-11-16,bmo,2021-11-16,2021-11-02,-10,366.2000122070313,368.8900146484375,364.94000244140625,367.2900085449219,330.59906005859375,2367100.0
HD,2021-11-16,bmo,2021-11-16,2021-11-03,-9,366.6300048828125,369.3599853515625,365.25,368.9700012207031,332.1112365722656,2378800.0
HD,2021-11-16,bmo,2021-11-16,2021-11-04,-8,370.7799987792969,373.2300109863281,369.4100036621094,372.1799926757813,335.00054931640625,3210000.0
HD,2021-11-16,bmo,2021-11-16,2021-11-05,-7,373.80999755859375,374.4100036621094,367.5700073242187,368.3999938964844,331.5981750488281,3090200.0
HD,2021-11-16,bmo,2021-11-16,2021-11-08,-6,370.2200012207031,372.9100036621094,367.8500061035156,368.5899963378906,331.76922607421875,2357200.0
HD,2021-11-16,bmo,2021-11-16,2021-11-09,-5,369.6700134277344,373.8800048828125,368.7099914550781,370.6499938964844,333.6234436035156,2183300.0
HD,2021-11-16,bmo,2021-11-16,2021-11-10,-4,368.25,371.2099914550781,367.7200012207031,368.5799865722656,331.76019287109375,2161400.0
HD,2021-11-16,bmo,2021-11-16,2021-11-11,-3,371.0,372.0,365.8299865722656,367.6300048828125,330.9051208496094,2387300.0
HD,2021-11-16,bmo,2021-11-16,2021-11-12,-2,369.1199951171875,373.5,366.7000122070313,372.6300048828125,335.40557861328125,2793300.0
HD,2021-11-16,bmo,2021-11-16,2021-11-15,-1,374.3900146484375,374.8699951171875,369.2900085449219,371.0799865722656,334.01043701171875,3650600.0
HD,2021-11-16,bmo,2021-11-16,2021-11-16,0,382.0,394.3800048828125,379.0,392.3299865722656,353.1376037597656,8648200.0
HD,2021-11-16,bmo,2021-11-16,2021-11-17,1,392.8299865722656,399.4299926757813,390.80999755859375,394.8500061035156,355.4058837890625,4647000.0
HD,2021-11-16,bmo,2021-11-16,2021-11-18,2,398.0,406.5400085449219,396.0899963378906,405.8500061035156,365.30706787109375,4503700.0
HD,2021-11-16,bmo,2021-11-16,2021-11-19,3,407.6300048828125,410.1000061035156,404.1099853515625,408.69000244140625,367.86334228515625,3542000.0
HD,2021-11-16,bmo,2021-11-16,2021-11-22,4,409.7999877929687,416.55999755859375,408.7000122070313,408.7900085449219,367.9533386230469,4006400.0
HD,2021-11-16,bmo,2021-11-16,2021-11-23,5,405.6700134277344,409.6799926757813,403.010009765625,408.3699951171875,367.5753173828125,3557000.0
HD,2021-11-16,bmo,2021-11-16,2021-11-24,6,403.6600036621094,412.75,402.8800048828125,412.1099853515625,370.9417114257813,2676300.0
HD,2021-11-16,bmo,2021-11-16,2021-11-26,7,407.260009765625,414.1400146484375,402.25,402.7000122070313,362.47174072265625,3007800.0
HD,2021-11-16,bmo,2021-11-16,2021-11-29,8,406.8999938964844,410.80999755859375,406.0400085449219,406.8200073242187,366.1802062988281,3725500.0
HD,2021-11-16,bmo,2021-11-16,2021-11-30,9,403.5899963378906,408.4299926757813,400.25,400.6099853515625,360.590576171875,7773500.0
HD,2021-11-16,bmo,2021-11-16,2021-12-01,10,402.0799865722656,410.25,400.2200012207031,400.4200134277344,361.91015625,3516200.0
HD,2022-02-22,bmo,2022-02-22,2022-02-07,-10,360.260009765625,361.7999877929687,355.44000244140625,357.3500061035156,322.9823303222656,2809300.0
HD,2022-02-22,bmo,2022-02-22,2022-02-08,-9,357.3500061035156,362.9800109863281,354.79998779296875,361.44000244140625,326.6789855957031,3225100.0
HD,2022-02-22,bmo,2022-02-22,2022-02-09,-8,365.30999755859375,367.4599914550781,363.0,364.3699951171875,329.3271484375,2777500.0
HD,2022-02-22,bmo,2022-02-22,2022-02-10,-7,358.8399963378906,363.0,352.8699951171875,355.0899963378906,320.9397277832031,4291800.0
HD,2022-02-22,bmo,2022-02-22,2022-02-11,-6,354.69000244140625,357.3399963378906,348.55999755859375,350.2900085449219,316.6012878417969,3308700.0
HD,2022-02-22,bmo,2022-02-22,2022-02-14,-5,348.0,352.9100036621094,346.8299865722656,351.55999755859375,317.7491455078125,3654300.0
HD,2022-02-22,bmo,2022-02-22,2022-02-15,-4,355.55999755859375,357.4200134277344,351.3800048828125,353.260009765625,319.2856140136719,3552500.0
HD,2022-02-22,bmo,2022-02-22,2022-02-16,-3,351.5,352.8599853515625,345.7200012207031,350.0899963378906,316.4205322265625,3594900.0
HD,2022-02-22,bmo,2022-02-22,2022-02-17,-2,348.989990234375,352.30999755859375,347.3900146484375,347.94000244140625,314.477294921875,3927000.0
HD,2022-02-22,bmo,2022-02-22,2022-02-18,-1,348.3900146484375,350.6000061035156,344.1000061035156,346.8699951171875,313.5102233886719,5526100.0
HD,2022-02-22,bmo,2022-02-22,2022-02-22,0,335.0899963378906,336.69000244140625,312.3500061035156,316.1700134277344,285.76275634765625,19752800.0
HD,2022-02-22,bmo,2022-02-22,2022-02-23,1,319.32000732421875,320.3999938964844,307.1000061035156,308.45001220703125,278.7852478027344,11026000.0
HD,2022-02-22,bmo,2022-02-22,2022-02-24,2,300.0,313.44000244140625,299.2900085449219,313.239990234375,283.1145935058594,8416700.0
HD,2022-02-22,bmo,2022-02-22,2022-02-25,3,313.17999267578125,317.44000244140625,307.57000732421875,316.6499938964844,286.1965637207031,6510600.0
HD,2022-02-22,bmo,2022-02-22,2022-02-28,4,312.9700012207031,316.0799865722656,310.4800109863281,315.8299865722656,285.4554748535156,5735100.0
HD,2022-02-22,bmo,2022-02-22,2022-03-01,5,314.5899963378906,322.42999267578125,313.760009765625,320.25,289.45037841796875,5640900.0
HD,2022-02-22,bmo,2022-02-22,2022-03-02,6,321.05999755859375,331.19000244140625,319.67999267578125,327.3699951171875,295.8855895996094,5645600.0
HD,2022-02-22,bmo,2022-02-22,2022-03-03,7,329.19000244140625,330.67999267578125,322.8299865722656,324.3599853515625,293.1650695800781,3858400.0
HD,2022-02-22,bmo,2022-02-22,2022-03-04,8,322.2099914550781,326.6600036621094,319.510009765625,324.260009765625,293.0747375488281,3630900.0
HD,2022-02-22,bmo,2022-02-22,2022-03-07,9,324.260009765625,329.6000061035156,320.1099853515625,322.7699890136719,291.7279357910156,4670000.0
HD,2022-02-22,bmo,2022-02-22,2022-03-08,10,319.75,328.489990234375,315.95001220703125,316.739990234375,286.2779541015625,5092500.0
HD,2022-05-17,bmo,2022-05-17,2022-05-03,-10,305.69000244140625,309.0,303.0199890136719,304.9599914550781,277.29425048828125,3336600.0
HD,2022-05-17,bmo,2022-05-17,2022-05-04,-9,304.0799865722656,315.75,302.92999267578125,315.30999755859375,286.705322265625,4021300.0
HD,2022-05-17,bmo,2022-05-17,2022-05-05,-8,311.0,311.3599853515625,293.7099914550781,299.1099853515625,271.9749450683594,4959600.0
HD,2022-05-17,bmo,2022-05-17,2022-05-06,-7,296.29998779296875,296.75,289.4100036621094,294.30999755859375,267.6103820800781,4325300.0
HD,2022-05-17,bmo,2022-05-17,2022-05-09,-6,290.2799987792969,300.739990234375,288.5,297.0299987792969,270.0836486816406,5243600.0
HD,2022-05-17,bmo,2022-05-17,2022-05-10,-5,298.4599914550781,301.07000732421875,287.6600036621094,291.1600036621094,264.7461853027344,4392900.0
HD,2022-05-17,bmo,2022-05-17,2022-05-11,-4,291.45001220703125,293.3299865722656,282.57000732421875,282.9599914550781,257.2900390625,3880500.0
HD,2022-05-17,bmo,2022-05-17,2022-05-12,-3,281.57000732421875,293.17999267578125,280.6300048828125,289.69000244140625,263.4095153808594,4447700.0
HD,2022-05-17,bmo,2022-05-17,2022-05-13,-2,289.95001220703125,299.4200134277344,288.45001220703125,296.0299987792969,269.1743469238281,3949100.0
HD,2022-05-17,bmo,2022-05-17,2022-05-16,-1,294.0799865722656,299.57000732421875,289.7900085449219,295.989990234375,269.1379699707031,4267900.0
HD,2022-05-17,bmo,2022-05-17,2022-05-17,0,306.5,310.94000244140625,290.8999938964844,300.95001220703125,273.64801025390625,12425900.0
HD,2022-05-17,bmo,2022-05-17,2022-05-18,1,293.0,295.44000244140625,281.17999267578125,285.17999267578125,259.3086853027344,7799500.0
HD,2022-05-17,bmo,2022-05-17,2022-05-19,2,285.5,292.5,284.9599914550781,287.760009765625,261.6546325683594,5211500.0
HD,2022-05-17,bmo,2022-05-17,2022-05-20,3,289.82000732421875,290.5,279.5899963378906,287.19000244140625,261.1363220214844,5621800.0
HD,2022-05-17,bmo,2022-05-17,2022-05-23,4,289.0899963378906,290.3399963378906,280.32000732421875,286.0299987792969,260.08154296875,4305600.0
HD,2022-05-17,bmo,2022-05-17,2022-05-24,5,284.0,289.32000732421875,280.6499938964844,287.9200134277344,261.8000793457031,4241900.0
HD,2022-05-17,bmo,2022-05-17,2022-05-25,6,285.80999755859375,295.489990234375,285.6600036621094,293.57000732421875,266.93756103515625,4612900.0
HD,2022-05-17,bmo,2022-05-17,2022-05-26,7,297.32000732421875,305.6300048828125,297.0,302.80999755859375,275.3393249511719,4170800.0
HD,2022-05-17,bmo,2022-05-17,2022-05-27,8,303.5400085449219,308.5,301.6000061035156,308.4599914550781,280.47674560546875,3899300.0
HD,2022-05-17,bmo,2022-05-17,2022-05-31,9,306.6000061035156,307.8699951171875,300.8299865722656,302.75,275.2847595214844,5966600.0
HD,2022-05-17,bmo,2022-05-17,2022-06-01,10,301.739990234375,302.9800109863281,297.0299987792969,297.19000244140625,271.9357604980469,3080800.0
HD,2022-08-16,bmo,2022-08-16,2022-08-02,-10,305.3999938964844,305.6099853515625,300.010009765625,300.7099914550781,275.1566162109375,3091000.0
HD,2022-08-16,bmo,2022-08-16,2022-08-03,-9,303.3500061035156,308.07000732421875,300.3399963378906,306.3699951171875,280.3356628417969,3329400.0
HD,2022-08-16,bmo,2022-08-16,2022-08-04,-8,304.5400085449219,309.9700012207031,304.44000244140625,307.1700134277344,281.06768798828125,2718400.0
HD,2022-08-16,bmo,2022-08-16,2022-08-05,-7,305.3800048828125,309.7799987792969,304.5,309.69000244140625,283.3735656738281,2029100.0
HD,2022-08-16,bmo,2022-08-16,2022-08-08,-6,311.8599853515625,315.79998779296875,310.44000244140625,311.9700012207031,285.4598083496094,2505100.0
HD,2022-08-16,bmo,2022-08-16,2022-08-09,-5,308.8900146484375,309.9599914550781,303.30999755859375,305.2099914550781,279.2742614746094,2607000.0
HD,2022-08-16,bmo,2022-08-16,2022-08-10,-4,309.5,312.9800109863281,309.04998779296875,311.5799865722656,285.1029357910156,3863400.0
HD,2022-08-16,bmo,2022-08-16,2022-08-11,-3,313.8399963378906,314.6199951171875,309.5799865722656,310.69000244140625,284.2885437011719,2444100.0
HD,2022-08-16,bmo,2022-08-16,2022-08-12,-2,312.6099853515625,314.92999267578125,310.17999267578125,314.8900146484375,288.13165283203125,2273800.0
HD,2022-08-16,bmo,2022-08-16,2022-08-15,-1,312.0400085449219,315.760009765625,310.1499938964844,314.6099853515625,287.87548828125,3917300.0
HD,2022-08-16,bmo,2022-08-16,2022-08-16,0,312.9800109863281,332.9800109863281,312.8800048828125,327.3800048828125,299.560302734375,10089800.0
HD,2022-08-16,bmo,2022-08-16,2022-08-17,1,328.0899963378906,329.5,324.07000732421875,325.760009765625,298.0779724121094,3162600.0
HD,2022-08-16,bmo,2022-08-16,2022-08-18,2,324.9599914550781,327.94000244140625,322.2200012207031,325.2099914550781,297.57470703125,2899600.0
HD,2022-08-16,bmo,2022-08-16,2022-08-19,3,324.9700012207031,326.32000732421875,319.7699890136719,321.32000732421875,294.0152893066406,3489100.0
HD,2022-08-16,bmo,2022-08-16,2022-08-22,4,318.0899963378906,319.739990234375,311.7099914550781,312.2099914550781,285.6793518066406,3144200.0
HD,2022-08-16,bmo,2022-08-16,2022-08-23,5,311.2099914550781,311.5199890136719,305.6400146484375,306.8999938964844,280.82061767578125,3317500.0
HD,2022-08-16,bmo,2022-08-16,2022-08-24,6,305.04998779296875,309.9800109863281,303.54998779296875,308.1099853515625,281.9278259277344,2495600.0
HD,2022-08-16,bmo,2022-08-16,2022-08-25,7,308.6400146484375,309.9599914550781,305.8299865722656,309.7799987792969,283.45587158203125,2529700.0
HD,2022-08-16,bmo,2022-08-16,2022-08-26,8,310.29998779296875,311.510009765625,298.0199890136719,298.1000061035156,272.76837158203125,3315500.0
HD,2022-08-16,bmo,2022-08-16,2022-08-29,9,296.57000732421875,299.7099914550781,294.2900085449219,296.32000732421875,271.1396789550781,2711800.0
HD,2022-08-16,bmo,2022-08-16,2022-08-30,10,298.55999755859375,299.8999938964844,291.6700134277344,293.1000061035156,268.193359375,2892400.0
HD,2022-11-15,bmo,2022-11-15,2022-11-01,-10,300.3699951171875,302.2099914550781,293.3500061035156,296.05999755859375,272.6693420410156,3309100.0
HD,2022-11-15,bmo,2022-11-15,2022-11-02,-9,295.20001220703125,300.1700134277344,288.5199890136719,288.7300109863281,265.91845703125,4426400.0
HD,2022-11-15,bmo,2022-11-15,2022-11-03,-8,283.57000732421875,285.95001220703125,280.510009765625,281.5,259.2596740722656,4823900.0
HD,2022-11-15,bmo,2022-11-15,2022-11-04,-7,285.8900146484375,288.8399963378906,277.5,284.0299987792969,261.58978271484375,4401600.0
HD,2022-11-15,bmo,2022-11-15,2022-11-07,-6,286.5,291.70001220703125,282.8399963378906,290.2699890136719,267.3367919921875,3260200.0
HD,2022-11-15,bmo,2022-11-15,2022-11-08,-5,292.42999267578125,293.3399963378906,287.6300048828125,291.1400146484375,268.1380920410156,3371800.0
HD,2022-11-15,bmo,2022-11-15,2022-11-09,-4,289.0,292.5,286.260009765625,286.75,264.0948486328125,3071400.0
HD,2022-11-15,bmo,2022-11-15,2022-11-10,-3,297.739990234375,314.739990234375,297.0799865722656,311.70001220703125,287.0736999511719,7794000.0
HD,2022-11-15,bmo,2022-11-15,2022-11-11,-2,312.0,317.67999267578125,310.239990234375,314.94000244140625,290.0577392578125,4945400.0
HD,2022-11-15,bmo,2022-11-15,2022-11-14,-1,314.3599853515625,315.9800109863281,306.3399963378906,306.9200134277344,282.6713562011719,6394800.0
HD,2022-11-15,bmo,2022-11-15,2022-11-15,0,304.05999755859375,316.6300048828125,303.25,311.92999267578125,287.2854919433594,9290400.0
HD,2022-11-15,bmo,2022-11-15,2022-11-16,1,305.8599853515625,316.4100036621094,304.510009765625,314.9100036621094,290.0299987792969,5249500.0
HD,2022-11-15,bmo,2022-11-15,2022-11-17,2,312.0,313.67999267578125,306.1499938964844,311.44000244140625,286.8342590332031,3642100.0
HD,2022-11-15,bmo,2022-11-15,2022-11-18,3,314.1400146484375,316.0,310.260009765625,313.17999267578125,288.436767578125,3559300.0
HD,2022-11-15,bmo,2022-11-15,2022-11-21,4,316.9599914550781,318.8399963378906,314.20001220703125,316.7799987792969,291.7523498535156,4069000.0
HD,2022-11-15,bmo,2022-11-15,2022-11-22,5,320.0,326.82000732421875,319.3800048828125,324.8800048828125,299.21234130859375,6054700.0
HD,2022-11-15,bmo,2022-11-15,2022-11-23,6,326.760009765625,327.82000732421875,320.44000244140625,321.510009765625,296.108642578125,4243400.0
HD,2022-11-15,bmo,2022-11-15,2022-11-25,7,322.8900146484375,329.0799865722656,321.8999938964844,326.3800048828125,300.5938415527344,3393500.0
HD,2022-11-15,bmo,2022-11-15,2022-11-28,8,325.05999755859375,328.79998779296875,317.8500061035156,318.9200134277344,293.7232971191406,4733700.0
HD,2022-11-15,bmo,2022-11-15,2022-11-29,9,316.0,320.0,315.6199951171875,315.9599914550781,290.9971618652344,3505600.0
HD,2022-11-15,bmo,2022-11-15,2022-11-30,10,312.92999267578125,324.19000244140625,311.5,323.989990234375,300.1978454589844,15106500.0
HD,2023-02-21,bmo,2023-02-21,2023-02-06,-10,328.989990234375,331.010009765625,327.4599914550781,329.2699890136719,305.0901794433594,2229700.0
HD,2023-02-21,bmo,2023-02-21,2023-02-07,-9,324.0,327.0,320.7200012207031,325.20001220703125,301.3190612792969,3865500.0
HD,2023-02-21,bmo,2023-02-21,2023-02-08,-8,322.94000244140625,323.989990234375,319.57000732421875,320.7900085449219,297.2328796386719,2777200.0
HD,2023-02-21,bmo,2023-02-21,2023-02-09,-7,323.1000061035156,323.8900146484375,314.8299865722656,315.54998779296875,292.3776550292969,3063300.0
HD,2023-02-21,bmo,2023-02-21,2023-02-10,-6,313.8500061035156,317.20001220703125,312.75,316.5400085449219,293.29498291015625,2768800.0
HD,2023-02-21,bmo,2023-02-21,2023-02-13,-5,317.3399963378906,323.69000244140625,315.6099853515625,323.5299987792969,299.7716369628906,2432500.0
HD,2023-02-21,bmo,2023-02-21,2023-02-14,-4,320.6099853515625,322.9599914550781,315.6700134277344,318.42999267578125,295.04620361328125,3380800.0
HD,2023-02-21,bmo,2023-02-21,2023-02-15,-3,315.8800048828125,321.5299987792969,315.7900085449219,320.69000244140625,297.1401672363281,2585500.0
HD,2023-02-21,bmo,2023-02-21,2023-02-16,-2,315.0,323.739990234375,314.92999267578125,321.239990234375,297.6498107910156,3169200.0
HD,2023-02-21,bmo,2023-02-21,2023-02-17,-1,318.67999267578125,320.6000061035156,312.95001220703125,317.95001220703125,294.6014404296875,4985500.0
HD,2023-02-21,bmo,2023-02-21,2023-02-21,0,305.54998779296875,308.010009765625,295.0299987792969,295.5,273.8000183105469,10891800.0
HD,2023-02-21,bmo,2023-02-21,2023-02-22,1,297.54998779296875,300.3999938964844,295.0899963378906,296.29998779296875,274.5412902832031,5922100.0
HD,2023-02-21,bmo,2023-02-21,2023-02-23,2,296.7900085449219,299.8800048828125,294.6199951171875,299.30999755859375,277.3302917480469,4354500.0
HD,2023-02-21,bmo,2023-02-21,2023-02-24,3,292.3999938964844,298.3299865722656,292.0,296.6600036621094,274.87481689453125,3713300.0
HD,2023-02-21,bmo,2023-02-21,2023-02-27,4,299.3599853515625,300.489990234375,295.0400085449219,296.010009765625,274.27264404296875,3238300.0
HD,2023-02-21,bmo,2023-02-21,2023-02-28,5,295.0,298.70001220703125,294.30999755859375,296.5400085449219,274.763671875,3949500.0
HD,2023-02-21,bmo,2023-02-21,2023-03-01,6,291.9200134277344,293.7200012207031,288.6600036621094,290.7900085449219,269.4359130859375,5905100.0
HD,2023-02-21,bmo,2023-02-21,2023-03-02,7,288.4599914550781,294.1099853515625,287.2699890136719,293.0199890136719,271.50213623046875,4103700.0
HD,2023-02-21,bmo,2023-02-21,2023-03-03,8,294.6400146484375,298.6099853515625,293.760009765625,298.45001220703125,276.533447265625,4036700.0
HD,2023-02-21,bmo,2023-02-21,2023-03-06,9,298.0,300.1099853515625,296.9800109863281,298.2099914550781,276.3110656738281,3763200.0
HD,2023-02-21,bmo,2023-02-21,2023-03-07,10,299.05999755859375,299.05999755859375,290.4200134277344,290.70001220703125,269.3525695800781,4512400.0
HD,2023-05-16,bmo,2023-05-16,2023-05-02,-10,298.44000244140625,298.6700134277344,291.04998779296875,294.2799987792969,274.6441955566406,3413200.0
HD,2023-05-16,bmo,2023-05-16,2023-05-03,-9,294.55999755859375,298.760009765625,292.5,293.0799865722656,273.5242004394531,2743400.0
HD,2023-05-16,bmo,2023-05-16,2023-05-04,-8,292.7200012207031,294.5899963378906,285.3299865722656,285.75,266.6833190917969,4422500.0
HD,2023-05-16,bmo,2023-05-16,2023-05-05,-7,287.1700134277344,290.8699951171875,286.1000061035156,289.6199951171875,270.295166015625,3806600.0
HD,2023-05-16,bmo,2023-05-16,2023-05-08,-6,289.0,289.8399963378906,284.44000244140625,287.92999267578125,268.7179260253906,3736500.0
HD,2023-05-16,bmo,2023-05-16,2023-05-09,-5,286.1700134277344,291.05999755859375,285.760009765625,290.5799865722656,271.1910400390625,2570000.0
HD,2023-05-16,bmo,2023-05-16,2023-05-10,-4,291.7099914550781,293.57000732421875,285.9200134277344,289.0299987792969,269.7445068359375,3571000.0
HD,2023-05-16,bmo,2023-05-16,2023-05-11,-3,288.739990234375,289.45001220703125,285.0199890136719,287.69000244140625,268.493896484375,3859700.0
HD,2023-05-16,bmo,2023-05-16,2023-05-12,-2,288.0,290.9700012207031,287.45001220703125,290.4700012207031,271.0884094238281,3438300.0
HD,2023-05-16,bmo,2023-05-16,2023-05-15,-1,289.9200134277344,290.9200134277344,286.94000244140625,288.5400085449219,269.2872314453125,5353600.0
HD,2023-05-16,bmo,2023-05-16,2023-05-16,0,281.75,286.0899963378906,277.0899963378906,282.3299865722656,263.49151611328125,12362100.0
HD,2023-05-16,bmo,2023-05-16,2023-05-17,1,282.1499938964844,294.04998779296875,281.2099914550781,292.3900146484375,272.88031005859375,7956900.0
HD,2023-05-16,bmo,2023-05-16,2023-05-18,2,292.6499938964844,295.92999267578125,291.6000061035156,295.1600036621094,275.4654541015625,4547000.0
HD,2023-05-16,bmo,2023-05-16,2023-05-19,3,295.760009765625,295.760009765625,289.95001220703125,290.8800048828125,271.4710388183594,4470600.0
HD,2023-05-16,bmo,2023-05-16,2023-05-22,4,290.7300109863281,292.989990234375,288.0799865722656,290.6600036621094,271.2657470703125,3736200.0
HD,2023-05-16,bmo,2023-05-16,2023-05-23,5,289.2799987792969,297.7699890136719,289.2799987792969,294.94000244140625,275.2601623535156,5352200.0
HD,2023-05-16,bmo,2023-05-16,2023-05-24,6,297.3699951171875,297.5199890136719,290.17999267578125,291.1000061035156,271.6763916015625,4978200.0
HD,2023-05-16,bmo,2023-05-16,2023-05-25,7,291.7900085449219,291.7900085449219,286.05999755859375,286.75,267.6166076660156,5355900.0
HD,2023-05-16,bmo,2023-05-16,2023-05-26,8,287.0,293.29998779296875,285.69000244140625,292.8299865722656,273.29095458984375,4626100.0
HD,2023-05-16,bmo,2023-05-16,2023-05-30,9,293.2799987792969,294.45001220703125,288.95001220703125,292.3999938964844,272.8896484375,5193300.0
HD,2023-05-16,bmo,2023-05-16,2023-05-31,10,289.5899963378906,290.0,281.9599914550781,283.45001220703125,266.4412841796875,18288800.0
HD,2023-08-15,bmo,2023-08-15,2023-08-01,-10,331.760009765625,334.9700012207031,330.8800048828125,332.07000732421875,312.1438293457031,2547200.0
HD,2023-08-15,bmo,2023-08-15,2023-08-02,-9,330.0299987792969,332.5299987792969,327.9200134277344,328.5,308.78802490234375,2752600.0
HD,2023-08-15,bmo,2023-08-15,2023-08-03,-8,327.67999267578125,332.1000061035156,327.6400146484375,329.8500061035156,310.0570068359375,2451300.0
HD,2023-08-15,bmo,2023-08-15,2023-08-04,-7,328.1600036621094,329.5199890136719,325.3299865722656,326.42999267578125,306.84222412109375,3591600.0
HD,2023-08-15,bmo,2023-08-15,2023-08-07,-6,327.2099914550781,329.4100036621094,326.5899963378906,329.1700134277344,309.4178161621094,2111000.0
HD,2023-08-15,bmo,2023-08-15,2023-08-08,-5,326.5799865722656,328.5299987792969,323.3900146484375,327.80999755859375,308.139404296875,3272600.0
HD,2023-08-15,bmo,2023-08-15,2023-08-09,-4,327.3500061035156,330.9200134277344,326.760009765625,328.2099914550781,308.5154113769531,2698900.0
HD,2023-08-15,bmo,2023-08-15,2023-08-10,-3,330.6600036621094,332.8999938964844,328.94000244140625,329.3999938964844,309.63397216796875,3075100.0
HD,2023-08-15,bmo,2023-08-15,2023-08-11,-2,328.5199890136719,331.5899963378906,328.3500061035156,331.1099853515625,311.2413330078125,3108400.0
HD,2023-08-15,bmo,2023-08-15,2023-08-14,-1,331.4599914550781,333.7900085449219,328.42999267578125,329.95001220703125,310.1510009765625,3974800.0
HD,2023-08-15,bmo,2023-08-15,2023-08-15,0,331.760009765625,338.1700134277344,328.5199890136719,332.1400146484375,312.2095947265625,5860900.0
HD,2023-08-15,bmo,2023-08-15,2023-08-16,1,332.6199951171875,337.80999755859375,331.67999267578125,333.0299987792969,313.0461120605469,3753900.0
HD,2023-08-15,bmo,2023-08-15,2023-08-17,2,333.7699890136719,335.6499938964844,327.05999755859375,327.2799987792969,307.6412353515625,3885100.0
HD,2023-08-15,bmo,2023-08-15,2023-08-18,3,325.05999755859375,328.8900146484375,324.42999267578125,327.3699951171875,307.72576904296875,3472000.0
HD,2023-08-15,bmo,2023-08-15,2023-08-21,4,326.6099853515625,327.8699951171875,323.5,324.05999755859375,304.61444091796875,3109700.0
HD,2023-08-15,bmo,2023-08-15,2023-08-22,5,325.2699890136719,326.30999755859375,322.0299987792969,324.4800109863281,305.0092468261719,2582200.0
HD,2023-08-15,bmo,2023-08-15,2023-08-23,6,324.5199890136719,326.92999267578125,324.0799865722656,326.0899963378906,306.5226135253906,2728000.0
HD,2023-08-15,bmo,2023-08-15,2023-08-24,7,325.1199951171875,329.0,322.30999755859375,322.5899963378906,303.2326354980469,2490000.0
HD,2023-08-15,bmo,2023-08-15,2023-08-25,8,323.42999267578125,326.3399963378906,321.20001220703125,322.8599853515625,303.4864501953125,2418100.0
HD,2023-08-15,bmo,2023-08-15,2023-08-28,9,323.20001220703125,327.44000244140625,322.8699951171875,325.9100036621094,306.3534240722656,2099900.0
HD,2023-08-15,bmo,2023-08-15,2023-08-29,10,326.7900085449219,329.8399963378906,326.7699890136719,329.3800048828125,309.6152038574219,2628200.0
HD,2023-11-14,bmo,2023-11-14,2023-10-31,-10,282.5899963378906,285.3999938964844,281.6199951171875,284.69000244140625,269.3157653808594,3036000.0
HD,2023-11-14,bmo,2023-11-14,2023-11-01,-9,285.5899963378906,286.8299865722656,282.0199890136719,286.6300048828125,271.1509704589844,2747300.0
HD,2023-11-14,bmo,2023-11-14,2023-11-02,-8,290.25,294.6600036621094,290.0,294.5299987792969,278.6243591308594,3628000.0
HD,2023-11-14,bmo,2023-11-14,2023-11-03,-7,294.17999267578125,297.80999755859375,294.1700134277344,295.6099853515625,279.64599609375,3071900.0
HD,2023-11-14,bmo,2023-11-14,2023-11-06,-6,294.75,296.44000244140625,293.2200012207031,294.57000732421875,278.6622009277344,2890300.0
HD,2023-11-14,bmo,2023-11-14,2023-11-07,-5,294.6099853515625,296.0,293.55999755859375,294.7699890136719,278.8513488769531,2629000.0
HD,2023-11-14,bmo,2023-11-14,2023-11-08,-4,295.0299987792969,298.010009765625,294.1099853515625,295.9200134277344,279.9393005371094,2454900.0
HD,2023-11-14,bmo,2023-11-14,2023-11-09,-3,291.95001220703125,292.739990234375,287.67999267578125,287.8699951171875,272.3240051269531,4059100.0
HD,2023-11-14,bmo,2023-11-14,2023-11-10,-2,289.2300109863281,291.5899963378906,286.7900085449219,291.5899963378906,275.8431091308594,3653500.0
HD,2023-11-14,bmo,2023-11-14,2023-11-13,-1,287.7900085449219,289.92999267578125,287.239990234375,288.07000732421875,272.5132141113281,4586700.0
HD,2023-11-14,bmo,2023-11-14,2023-11-14,0,300.8900146484375,308.239990234375,300.1400146484375,303.6300048828125,287.23291015625,7952800.0
HD,2023-11-14,bmo,2023-11-14,2023-11-15,1,304.1000061035156,308.92999267578125,304.010009765625,308.19000244140625,291.54669189453125,3985900.0
HD,2023-11-14,bmo,2023-11-14,2023-11-16,2,305.8800048828125,307.95001220703125,304.3299865722656,306.44000244140625,289.8911437988281,3114000.0
HD,2023-11-14,bmo,2023-11-14,2023-11-17,3,308.5,308.7099914550781,305.45001220703125,307.2699890136719,290.6763610839844,2770300.0
HD,2023-11-14,bmo,2023-11-14,2023-11-20,4,307.19000244140625,309.6700134277344,305.739990234375,308.19000244140625,291.54669189453125,3459000.0
HD,2023-11-14,bmo,2023-11-14,2023-11-21,5,305.57000732421875,306.07000732421875,302.3399963378906,305.3399963378906,288.8506164550781,2977200.0
HD,2023-11-14,bmo,2023-11-14,2023-11-22,6,307.3900146484375,309.8599853515625,306.4800109863281,309.20001220703125,292.502197265625,2873500.0
HD,2023-11-14,bmo,2023-11-14,2023-11-24,7,309.17999267578125,311.3800048828125,308.30999755859375,310.70001220703125,293.9211730957031,1259900.0
HD,2023-11-14,bmo,2023-11-14,2023-11-27,8,310.69000244140625,312.8900146484375,309.75,310.9200134277344,294.1292724609375,2992600.0
HD,2023-11-14,bmo,2023-11-14,2023-11-28,9,310.7099914550781,314.5799865722656,309.3900146484375,313.3399963378906,296.4185485839844,3116900.0
HD,2023-11-14,bmo,2023-11-14,2023-11-29,10,314.05999755859375,314.05999755859375,310.9100036621094,311.0199890136719,296.19952392578125,3083800.0
HD,2024-02-20,bmo,2024-02-20,2024-02-05,-10,353.6600036621094,356.07000732421875,350.760009765625,355.1400146484375,338.2171630859375,2653800.0
HD,2024-02-20,bmo,2024-02-20,2024-02-06,-9,354.8500061035156,358.0,354.29998779296875,356.25,339.2742614746094,2045300.0
HD,2024-02-20,bmo,2024-02-20,2024-02-07,-8,358.4800109863281,363.7300109863281,357.7200012207031,362.69000244140625,345.4073486328125,3272200.0
HD,2024-02-20,bmo,2024-02-20,2024-02-08,-7,362.8599853515625,365.6499938964844,361.6499938964844,363.7200012207031,346.3883056640625,2521900.0
HD,2024-02-20,bmo,2024-02-20,2024-02-09,-6,364.1300048828125,364.4299926757813,360.7999877929687,363.1499938964844,345.8454284667969,2389900.0
HD,2024-02-20,bmo,2024-02-20,2024-02-12,-5,364.2200012207031,368.7200012207031,364.0499877929687,365.4500122070313,348.03582763671875,3119700.0
HD,2024-02-20,bmo,2024-02-20,2024-02-13,-4,358.4700012207031,359.42999267578125,353.8800048828125,357.5899963378906,340.5504150390625,3106500.0
HD,2024-02-20,bmo,2024-02-20,2024-02-14,-3,357.1700134277344,358.9800109863281,353.9800109863281,358.2300109863281,341.1598815917969,2998900.0
HD,2024-02-20,bmo,2024-02-20,2024-02-15,-2,358.8999938964844,361.6400146484375,356.8500061035156,361.0799865722656,343.8741149902344,2662800.0
HD,2024-02-20,bmo,2024-02-20,2024-02-16,-1,360.6799926757813,363.989990234375,359.1499938964844,362.3500061035156,345.0835876464844,3899600.0
HD,2024-02-20,bmo,2024-02-20,2024-02-20,0,355.30999755859375,365.25,354.55999755859375,362.5700073242187,345.2931213378906,4830000.0
HD,2024-02-20,bmo,2024-02-20,2024-02-21,1,360.5899963378906,365.1099853515625,358.95001220703125,364.1300048828125,346.77874755859375,3277800.0
HD,2024-02-20,bmo,2024-02-20,2024-02-22,2,367.44000244140625,372.9599914550781,367.1499938964844,371.3399963378906,353.6451416015625,3387500.0
HD,2024-02-20,bmo,2024-02-20,2024-02-23,3,372.0799865722656,374.25,370.25,371.9599914550781,354.2356262207031,3398200.0
HD,2024-02-20,bmo,2024-02-20,2024-02-26,4,373.510009765625,374.8800048828125,370.7200012207031,371.6000061035156,353.8927917480469,2461000.0
HD,2024-02-20,bmo,2024-02-20,2024-02-27,5,372.6600036621094,375.7999877929687,370.6099853515625,375.55999755859375,357.66412353515625,2802900.0
HD,2024-02-20,bmo,2024-02-20,2024-02-28,6,375.55999755859375,379.8399963378906,375.05999755859375,377.6099853515625,359.61639404296875,2282500.0
HD,2024-02-20,bmo,2024-02-20,2024-02-29,7,378.7900085449219,381.7799987792969,378.1499938964844,380.6099853515625,362.4734497070313,4382800.0
HD,2024-02-20,bmo,2024-02-20,2024-03-01,8,380.3599853515625,385.1000061035156,379.8299865722656,384.4500122070313,366.1304931640625,2750900.0
HD,2024-02-20,bmo,2024-02-20,2024-03-04,9,382.8999938964844,384.5299987792969,380.1099853515625,380.3699951171875,362.2449035644531,2619000.0
HD,2024-02-20,bmo,2024-02-20,2024-03-05,10,380.1000061035156,380.9800109863281,377.0199890136719,378.4500122070313,360.4163818359375,3011600.0
HD,2024-05-14,bmo,2024-05-14,2024-04-30,-10,335.7200012207031,337.44000244140625,332.8599853515625,334.2200012207031,320.1976623535156,3089900.0
HD,2024-05-14,bmo,2024-05-14,2024-05-01,-9,333.010009765625,335.3900146484375,329.42999267578125,331.9700012207031,318.0421142578125,3267500.0
HD,2024-05-14,bmo,2024-05-14,2024-05-02,-8,335.5,336.0,330.9800109863281,335.5299987792969,321.4527282714844,3213600.0
HD,2024-05-14,bmo,2024-05-14,2024-05-03,-7,341.2799987792969,346.8800048828125,340.3699951171875,342.8500061035156,328.4656066894531,4165100.0
HD,2024-05-14,bmo,2024-05-14,2024-05-06,-6,346.0,346.3800048828125,340.44000244140625,342.2900085449219,327.9291076660156,3366100.0
HD,2024-05-14,bmo,2024-05-14,2024-05-07,-5,343.6000061035156,345.5400085449219,340.3800048828125,340.69000244140625,326.396240234375,2930700.0
HD,2024-05-14,bmo,2024-05-14,2024-05-08,-4,338.7799987792969,340.44000244140625,337.6300048828125,338.8299865722656,324.6142272949219,3123200.0
HD,2024-05-14,bmo,2024-05-14,2024-05-09,-3,339.25,348.010009765625,338.8800048828125,347.44000244140625,332.8630065917969,3801400.0
HD,2024-05-14,bmo,2024-05-14,2024-05-10,-2,347.4599914550781,349.80999755859375,344.70001220703125,346.42999267578125,331.8953857421875,3413700.0
HD,2024-05-14,bmo,2024-05-14,2024-05-13,-1,348.05999755859375,348.7900085449219,340.3999938964844,340.9599914550781,326.6549377441406,4055600.0
HD,2024-05-14,bmo,2024-05-14,2024-05-14,0,335.04998779296875,344.25,333.0,340.5,326.2142028808594,5854300.0
HD,2024-05-14,bmo,2024-05-14,2024-05-15,1,345.17999267578125,350.44000244140625,344.69000244140625,348.6700134277344,334.0414123535156,4151100.0
HD,2024-05-14,bmo,2024-05-14,2024-05-16,2,348.0,348.25,342.6700134277344,342.7300109863281,328.35064697265625,3101600.0
HD,2024-05-14,bmo,2024-05-14,2024-05-17,3,344.760009765625,344.92999267578125,340.5899963378906,344.2099914550781,329.7685241699219,2739000.0
HD,2024-05-14,bmo,2024-05-14,2024-05-20,4,341.1300048828125,342.54998779296875,337.5400085449219,337.82000732421875,323.64666748046875,3237400.0
HD,2024-05-14,bmo,2024-05-14,2024-05-21,5,339.0,339.0,332.3299865722656,336.1499938964844,322.04669189453125,4275100.0
HD,2024-05-14,bmo,2024-05-14,2024-05-22,6,334.6600036621094,335.25,328.92999267578125,330.5899963378906,316.7200012207031,4024400.0
HD,2024-05-14,bmo,2024-05-14,2024-05-23,7,330.9800109863281,331.0,326.0,326.8900146484375,313.17523193359375,4021100.0
HD,2024-05-14,bmo,2024-05-14,2024-05-24,8,326.3900146484375,327.5400085449219,324.4200134277344,325.1000061035156,311.4602966308594,2736900.0
HD,2024-05-14,bmo,2024-05-14,2024-05-28,9,325.3900146484375,330.989990234375,324.4800109863281,328.70001220703125,314.9092102050781,3807500.0
HD,2024-05-14,bmo,2024-05-14,2024-05-29,10,326.5299987792969,326.7900085449219,323.7699890136719,325.9100036621094,312.236328125,3506200.0
HD,2024-08-13,bmo,2024-08-13,2024-07-30,-10,362.8200073242187,364.69000244140625,359.260009765625,363.69000244140625,350.85345458984375,2788800.0
HD,2024-08-13,bmo,2024-08-13,2024-07-31,-9,365.0,372.489990234375,363.0400085449219,368.1600036621094,355.1656799316406,3526100.0
HD,2024-08-13,bmo,2024-08-13,2024-08-01,-8,369.989990234375,371.4800109863281,353.75,358.5799865722656,345.9237976074219,3759000.0
HD,2024-08-13,bmo,2024-08-13,2024-08-02,-7,354.92999267578125,355.57000732421875,346.739990234375,355.42999267578125,342.8849792480469,3764600.0
HD,2024-08-13,bmo,2024-08-13,2024-08-05,-6,350.8800048828125,353.94000244140625,345.239990234375,350.010009765625,337.65631103515625,3827900.0
HD,2024-08-13,bmo,2024-08-13,2024-08-06,-5,348.75,358.6600036621094,347.2799987792969,353.9100036621094,341.41864013671875,2831100.0
HD,2024-08-13,bmo,2024-08-13,2024-08-07,-4,355.17999267578125,356.2699890136719,342.2799987792969,342.3999938964844,330.31488037109375,3429100.0
HD,2024-08-13,bmo,2024-08-13,2024-08-08,-3,342.239990234375,348.739990234375,341.3399963378906,348.3399963378906,336.04522705078125,3591100.0
HD,2024-08-13,bmo,2024-08-13,2024-08-09,-2,347.8900146484375,351.5299987792969,345.3999938964844,348.6400146484375,336.3346252441406,2314800.0
HD,2024-08-13,bmo,2024-08-13,2024-08-12,-1,350.7699890136719,351.5,342.1300048828125,345.80999755859375,333.6045227050781,3830200.0
HD,2024-08-13,bmo,2024-08-13,2024-08-13,0,341.8699951171875,353.3900146484375,339.3699951171875,350.07000732421875,337.71417236328125,6388600.0
HD,2024-08-13,bmo,2024-08-13,2024-08-14,1,349.54998779296875,359.69000244140625,349.3999938964844,355.6600036621094,343.1069030761719,4814800.0
HD,2024-08-13,bmo,2024-08-13,2024-08-15,2,362.4599914550781,365.4100036621094,358.1400146484375,360.07000732421875,347.36126708984375,3575800.0
HD,2024-08-13,bmo,2024-08-13,2024-08-16,3,359.9700012207031,363.7000122070313,359.9700012207031,362.05999755859375,349.2809753417969,3308300.0
HD,2024-08-13,bmo,2024-08-13,2024-08-19,4,362.5,364.69000244140625,362.1000061035156,363.0700073242187,350.25537109375,3634900.0
HD,2024-08-13,bmo,2024-08-13,2024-08-20,5,360.6499938964844,367.6400146484375,360.5,367.2699890136719,354.30706787109375,3459400.0
HD,2024-08-13,bmo,2024-08-13,2024-08-21,6,369.4500122070313,372.8699951171875,368.5199890136719,370.4599914550781,357.3844909667969,4587600.0
HD,2024-08-13,bmo,2024-08-13,2024-08-22,7,371.5,372.4599914550781,364.6099853515625,365.3599853515625,352.4645080566406,4097300.0
HD,2024-08-13,bmo,2024-08-13,2024-08-23,8,366.6600036621094,376.3200073242187,365.19000244140625,375.5899963378906,362.3334655761719,3426200.0
HD,2024-08-13,bmo,2024-08-13,2024-08-26,9,377.0799865722656,378.5799865722656,373.3699951171875,374.1099853515625,360.90570068359375,2452100.0
HD,2024-08-13,bmo,2024-08-13,2024-08-27,10,373.489990234375,374.2799987792969,371.0,373.1799926757813,360.00848388671875,1780300.0
HD,2024-11-12,bmo,2024-11-12,2024-10-29,-10,393.94000244140625,399.1099853515625,389.0499877929687,395.0700073242187,383.4407958984375,3822700.0
HD,2024-11-12,bmo,2024-11-12,2024-10-30,-9,395.0,397.69000244140625,391.94000244140625,392.5199890136719,380.9658508300781,2795600.0
HD,2024-11-12,bmo,2024-11-12,2024-10-31,-8,390.5,395.6700134277344,390.5,393.75,382.15966796875,2518600.0
HD,2024-11-12,bmo,2024-11-12,2024-11-01,-7,394.7999877929687,398.7099914550781,392.010009765625,392.5899963378906,381.0338134765625,3277800.0
HD,2024-11-12,bmo,2024-11-12,2024-11-04,-6,391.9500122070313,400.4800109863281,391.0700073242187,395.5700073242187,383.9260559082031,2690500.0
HD,2024-11-12,bmo,2024-11-12,2024-11-05,-5,394.9700012207031,400.2300109863281,393.8599853515625,400.0899963378906,388.3130187988281,2496500.0
HD,2024-11-12,bmo,2024-11-12,2024-11-06,-4,394.0400085449219,394.0400085449219,381.7200012207031,388.3699951171875,376.93798828125,7133400.0
HD,2024-11-12,bmo,2024-11-12,2024-11-07,-3,391.0,399.760009765625,390.7999877929687,399.44000244140625,387.68212890625,4323100.0
HD,2024-11-12,bmo,2024-11-12,2024-11-08,-2,404.0,406.3999938964844,402.2999877929687,405.8999938964844,393.9519958496094,3448700.0
HD,2024-11-12,bmo,2024-11-12,2024-11-11,-1,407.7699890136719,411.6000061035156,405.8299865722656,408.2900085449219,396.2716674804687,4071500.0
HD,2024-11-12,bmo,2024-11-12,2024-11-12,0,414.25,416.0199890136719,402.19000244140625,403.0799865722656,391.2149963378906,5647100.0
HD,2024-11-12,bmo,2024-11-12,2024-11-13,1,409.1300048828125,412.739990234375,406.7200012207031,410.19000244140625,398.1157531738281,3083100.0
HD,2024-11-12,bmo,2024-11-12,2024-11-14,2,408.0,411.5,404.3900146484375,405.7200012207031,393.77728271484375,3348100.0
HD,2024-11-12,bmo,2024-11-12,2024-11-15,3,402.8999938964844,408.9100036621094,402.8999938964844,408.1799926757813,396.1648864746094,3239500.0
HD,2024-11-12,bmo,2024-11-12,2024-11-18,4,405.5,412.5400085449219,403.9500122070313,410.44000244140625,398.3583679199219,3394300.0
HD,2024-11-12,bmo,2024-11-12,2024-11-19,5,408.3800048828125,409.1600036621094,399.3599853515625,406.7999877929687,394.8254699707031,3239400.0
HD,2024-11-12,bmo,2024-11-12,2024-11-20,6,406.0,406.7000122070313,399.9200134277344,400.0,388.22564697265625,4732200.0
HD,2024-11-12,bmo,2024-11-12,2024-11-21,7,401.3299865722656,411.3900146484375,400.3800048828125,410.4500122070313,398.3680725097656,3722200.0
HD,2024-11-12,bmo,2024-11-12,2024-11-22,8,412.0899963378906,420.1400146484375,410.9500122070313,420.0,407.636962890625,4932500.0
HD,2024-11-12,bmo,2024-11-12,2024-11-25,9,425.0,430.25,424.4599914550781,428.6700134277344,416.0517578125,4544200.0
HD,2024-11-12,bmo,2024-11-12,2024-11-26,10,428.6000061035156,439.3699951171875,424.7000122070313,429.5199890136719,416.8767395019531,2758600.0
HD,2025-02-25,bmo,2025-02-25,2025-02-10,-10,410.6400146484375,414.9500122070313,408.7900085449219,413.989990234375,403.9197387695313,2617600.0
HD,2025-02-25,bmo,2025-02-25,2025-02-11,-9,414.0,416.5700073242187,412.739990234375,416.3599853515625,406.2321166992187,1441800.0
HD,2025-02-25,bmo,2025-02-25,2025-02-12,-8,408.5799865722656,409.6499938964844,402.1199951171875,407.1400146484375,397.2364196777344,3387000.0
HD,2025-02-25,bmo,2025-02-25,2025-02-13,-7,408.7099914550781,412.9800109863281,407.489990234375,412.4299926757813,402.3976745605469,3067900.0
HD,2025-02-25,bmo,2025-02-25,2025-02-14,-6,415.0,418.0,408.55999755859375,409.5,399.53900146484375,3004400.0
HD,2025-02-25,bmo,2025-02-25,2025-02-18,-5,408.30999755859375,408.8699951171875,400.2200012207031,403.30999755859375,393.49957275390625,3994000.0
HD,2025-02-25,bmo,2025-02-25,2025-02-19,-4,397.2200012207031,398.6400146484375,392.94000244140625,395.4299926757813,385.8112487792969,3780000.0
HD,2025-02-25,bmo,2025-02-25,2025-02-20,-3,393.0,394.760009765625,391.1000061035156,394.6400146484375,385.04046630859375,2703500.0
HD,2025-02-25,bmo,2025-02-25,2025-02-21,-2,396.3999938964844,397.8200073242187,383.8999938964844,385.2999877929687,375.9276428222656,5287000.0
HD,2025-02-25,bmo,2025-02-25,2025-02-24,-1,386.0899963378906,386.5499877929687,378.2000122070313,382.4200134277344,373.11773681640625,5722000.0
HD,2025-02-25,bmo,2025-02-25,2025-02-25,0,385.0,401.010009765625,384.19000244140625,393.2900085449219,383.7232971191406,6823900.0
HD,2025-02-25,bmo,2025-02-25,2025-02-26,1,395.239990234375,398.8699951171875,388.55999755859375,390.4800109863281,380.9816589355469,3871500.0
HD,2025-02-25,bmo,2025-02-25,2025-02-27,2,389.9100036621094,395.4700012207031,388.3299865722656,390.2699890136719,380.7767333984375,2825100.0
HD,2025-02-25,bmo,2025-02-25,2025-02-28,3,394.4200134277344,396.8699951171875,390.2799987792969,396.6000061035156,386.9527893066406,4263500.0
HD,2025-02-25,bmo,2025-02-25,2025-03-03,4,396.9500122070313,397.0700073242187,386.4700012207031,389.69000244140625,380.2108459472656,3397600.0
HD,2025-02-25,bmo,2025-02-25,2025-03-04,5,386.1499938964844,387.9599914550781,378.8999938964844,381.6799926757813,372.3957214355469,4384800.0
HD,2025-02-25,bmo,2025-02-25,2025-03-05,6,379.0,387.1199951171875,378.010009765625,386.3500061035156,376.9521484375,2780300.0
HD,2025-02-25,bmo,2025-02-25,2025-03-06,7,383.5,387.760009765625,380.7300109863281,381.7300109863281,372.4445190429687,4222000.0
HD,2025-02-25,bmo,2025-02-25,2025-03-07,8,379.5,380.6499938964844,368.8999938964844,376.7999877929687,367.6344299316406,4573900.0
HD,2025-02-25,bmo,2025-02-25,2025-03-10,9,377.44000244140625,383.1199951171875,372.6099853515625,374.6499938964844,365.53668212890625,3710500.0
HD,2025-02-25,bmo,2025-02-25,2025-03-11,10,374.2200012207031,374.9299926757813,365.7300109863281,368.1600036621094,359.20458984375,4013300.0
HD,2025-05-20,bmo,2025-05-20,2025-05-06,-10,358.67999267578125,362.2699890136719,357.1300048828125,359.3800048828125,352.86334228515625,2299700.0
HD,2025-05-20,bmo,2025-05-20,2025-05-07,-9,360.4800109863281,363.7799987792969,359.760009765625,362.75,356.1722106933594,2657200.0
HD,2025-05-20,bmo,2025-05-20,2025-05-08,-8,364.010009765625,369.30999755859375,362.260009765625,364.8599853515625,358.24395751953125,3035800.0
HD,2025-05-20,bmo,2025-05-20,2025-05-09,-7,362.1300048828125,365.5700073242187,361.5,362.7099914550781,356.1329345703125,1970700.0
HD,2025-05-20,bmo,2025-05-20,2025-05-12,-6,375.0,378.7200012207031,373.4800109863281,376.5899963378906,369.7612609863281,3831400.0
HD,2025-05-20,bmo,2025-05-20,2025-05-13,-5,381.0,381.0,372.9500122070313,373.6000061035156,366.825439453125,2726800.0
HD,2025-05-20,bmo,2025-05-20,2025-05-14,-4,371.8999938964844,375.7900085449219,370.8299865722656,372.80999755859375,366.0498046875,2587400.0
HD,2025-05-20,bmo,2025-05-20,2025-05-15,-3,372.1000061035156,379.3299865722656,371.5199890136719,378.6300048828125,371.7642517089844,2830500.0
HD,2025-05-20,bmo,2025-05-20,2025-05-16,-2,380.2300109863281,381.1700134277344,378.1499938964844,380.7799987792969,373.8753051757813,3129100.0
HD,2025-05-20,bmo,2025-05-20,2025-05-19,-1,374.19000244140625,381.1600036621094,374.1600036621094,379.3800048828125,372.5006408691406,4428200.0
HD,2025-05-20,bmo,2025-05-20,2025-05-20,0,386.3699951171875,389.75,374.0499877929687,377.0499877929687,370.2129211425781,6287400.0
HD,2025-05-20,bmo,2025-05-20,2025-05-21,1,377.9800109863281,378.3299865722656,368.6000061035156,370.8399963378906,364.1155090332031,3966000.0
HD,2025-05-20,bmo,2025-05-20,2025-05-22,2,368.0,369.2300109863281,364.5700073242187,366.1300048828125,359.49090576171875,2957300.0
HD,2025-05-20,bmo,2025-05-20,2025-05-23,3,362.3800048828125,364.7200012207031,361.1499938964844,362.7099914550781,356.1329345703125,3115000.0
HD,2025-05-20,bmo,2025-05-20,2025-05-27,4,365.8900146484375,370.5499877929687,365.1600036621094,370.3999938964844,363.6834716796875,3998500.0
HD,2025-05-20,bmo,2025-05-20,2025-05-28,5,368.8200073242187,371.1499938964844,367.4299926757813,368.05999755859375,361.3859252929687,2986100.0
HD,2025-05-20,bmo,2025-05-20,2025-05-29,6,370.0,370.3500061035156,364.05999755859375,368.2900085449219,361.6117858886719,3034800.0
HD,2025-05-20,bmo,2025-05-20,2025-05-30,7,367.0499877929687,369.6400146484375,365.1199951171875,368.2900085449219,361.6117858886719,4110400.0
HD,2025-05-20,bmo,2025-05-20,2025-06-02,8,365.1499938964844,368.0400085449219,361.8399963378906,367.9599914550781,361.2877197265625,2506900.0
HD,2025-05-20,bmo,2025-05-20,2025-06-03,9,367.9599914550781,373.5400085449219,367.0,373.0799865722656,366.31488037109375,3359500.0
HD,2025-05-20,bmo,2025-05-20,2025-06-04,10,373.0799865722656,375.3699951171875,371.6600036621094,372.3999938964844,365.647216796875,2428800.0
HD,2025-08-19,bmo,2025-08-19,2025-08-05,-10,381.8599853515625,386.94000244140625,380.9599914550781,385.4100036621094,380.7730407714844,2931400.0
HD,2025-08-19,bmo,2025-08-19,2025-08-06,-9,386.0799865722656,388.9299926757813,384.5199890136719,386.7999877929687,382.1463012695313,2812800.0
HD,2025-08-19,bmo,2025-08-19,2025-08-07,-8,388.6199951171875,391.4500122070313,383.3599853515625,386.1700134277344,381.52392578125,2433000.0
HD,2025-08-19,bmo,2025-08-19,2025-08-08,-7,387.0799865722656,389.2900085449219,386.2000122070313,387.8500061035156,383.1836853027344,2326700.0
HD,2025-08-19,bmo,2025-08-19,2025-08-11,-6,389.9800109863281,391.5199890136719,383.2999877929687,387.5299987792969,382.8675231933594,2605800.0
HD,2025-08-19,bmo,2025-08-19,2025-08-12,-5,391.4200134277344,396.3800048828125,389.0,396.0,391.2356262207031,2911300.0
HD,2025-08-19,bmo,2025-08-19,2025-08-13,-4,399.489990234375,407.8200073242187,398.75,407.1799926757813,402.2810974121094,5187500.0
HD,2025-08-19,bmo,2025-08-19,2025-08-14,-3,401.2000122070313,403.6099853515625,399.3599853515625,400.3200073242187,395.503662109375,3600200.0
HD,2025-08-19,bmo,2025-08-19,2025-08-15,-2,402.2099914550781,402.7900085449219,395.4299926757813,399.3800048828125,394.5749816894531,3841400.0
HD,2025-08-19,bmo,2025-08-19,2025-08-18,-1,396.5700073242187,398.1400146484375,392.510009765625,394.7000122070313,389.9512634277344,4407100.0
HD,2025-08-19,bmo,2025-08-19,2025-08-19,0,401.0199890136719,414.3599853515625,401.0199890136719,407.2000122070313,402.3008728027344,7629300.0
HD,2025-08-19,bmo,2025-08-19,2025-08-20,1,409.6799926757813,411.1700134277344,401.6700134277344,401.739990234375,396.9065551757813,4195300.0
HD,2025-08-19,bmo,2025-08-19,2025-08-21,2,399.9100036621094,404.4299926757813,396.1700134277344,397.7000122070313,392.9151916503906,2942600.0
HD,2025-08-19,bmo,2025-08-19,2025-08-22,3,400.8699951171875,414.5,398.30999755859375,412.7900085449219,407.8236389160156,5284700.0
HD,2025-08-19,bmo,2025-08-19,2025-08-25,4,410.3599853515625,411.0700073242187,407.5499877929687,408.8999938964844,403.98040771484375,3579500.0
HD,2025-08-19,bmo,2025-08-19,2025-08-26,5,408.0,409.0400085449219,404.7099914550781,407.5400085449219,402.6368103027344,3180900.0
HD,2025-08-19,bmo,2025-08-19,2025-08-27,6,408.7900085449219,411.69000244140625,407.2000122070313,408.239990234375,403.3283386230469,2487800.0
HD,2025-08-19,bmo,2025-08-19,2025-08-28,7,407.0,408.9500122070313,404.80999755859375,407.4500122070313,402.5478820800781,4051600.0
HD,2025-08-19,bmo,2025-08-19,2025-08-29,8,407.7300109863281,408.8999938964844,405.3999938964844,406.7699890136719,401.87603759765625,2210300.0
HD,2025-08-19,bmo,2025-08-19,2025-09-02,9,403.6799926757813,408.5899963378906,402.75,406.30999755859375,401.4216003417969,3328600.0
HD,2025-08-19,bmo,2025-08-19,2025-09-03,10,404.94000244140625,409.0199890136719,403.5700073242187,407.7099914550781,402.80474853515625,3025100.0
HD,2025-11-18,bmo,2025-11-18,2025-11-04,-10,377.3500061035156,383.6799926757813,376.75,383.0799865722656,380.61822509765625,2590000.0
HD,2025-11-18,bmo,2025-11-18,2025-11-05,-9,382.7900085449219,383.4200134277344,370.5299987792969,373.8399963378906,371.4376220703125,4763000.0
HD,2025-11-18,bmo,2025-11-18,2025-11-06,-8,371.8200073242187,372.6600036621094,367.5499877929687,369.0700073242187,366.6982727050781,3622100.0
HD,2025-11-18,bmo,2025-11-18,2025-11-07,-7,368.989990234375,373.6499938964844,367.5700073242187,371.1099853515625,368.72515869140625,2766400.0
HD,2025-11-18,bmo,2025-11-18,2025-11-10,-6,369.7900085449219,370.6600036621094,363.4500122070313,370.4299926757813,368.0495300292969,3257900.0
HD,2025-11-18,bmo,2025-11-18,2025-11-11,-5,371.989990234375,376.0,370.9100036621094,374.239990234375,371.8350524902344,2407300.0
HD,2025-11-18,bmo,2025-11-18,2025-11-12,-4,372.05999755859375,373.55999755859375,369.010009765625,371.1300048828125,368.74505615234375,3375800.0
HD,2025-11-18,bmo,2025-11-18,2025-11-13,-3,371.6600036621094,373.5199890136719,366.6199951171875,368.0700073242187,365.7047119140625,3034800.0
HD,2025-11-18,bmo,2025-11-18,2025-11-14,-2,365.9100036621094,367.3299865722656,359.79998779296875,362.3599853515625,360.0313720703125,3413300.0
HD,2025-11-18,bmo,2025-11-18,2025-11-17,-1,361.1300048828125,363.7799987792969,356.1000061035156,358.0299987792969,355.7292175292969,5127200.0
HD,2025-11-18,bmo,2025-11-18,2025-11-18,0,339.9800109863281,348.79998779296875,336.010009765625,336.4800109863281,334.3177185058594,10168500.0
HD,2025-11-18,bmo,2025-11-18,2025-11-19,1,340.9700012207031,341.75,331.3699951171875,334.5,332.3504333496094,7595000.0
HD,2025-11-18,bmo,2025-11-18,2025-11-20,2,336.3599853515625,338.8999938964844,332.1300048828125,332.3800048828125,330.2440490722656,4025300.0
HD,2025-11-18,bmo,2025-11-18,2025-11-21,3,334.57000732421875,346.9200134277344,333.0,343.32000732421875,341.11376953125,7441300.0
HD,2025-11-18,bmo,2025-11-18,2025-11-24,4,342.20001220703125,343.7099914550781,336.54998779296875,336.5799865722656,334.41705322265625,6132900.0
HD,2025-11-18,bmo,2025-11-18,2025-11-25,5,339.0,353.0,338.8500061035156,351.07000732421875,348.81396484375,6316600.0
HD,2025-11-18,bmo,2025-11-18,2025-11-26,6,350.260009765625,357.3299865722656,349.0,355.4700012207031,353.1856689453125,4517300.0
HD,2025-11-18,bmo,2025-11-18,2025-11-28,7,354.92999267578125,357.8299865722656,353.5,356.9200134277344,354.6263732910156,2119600.0
HD,2025-11-18,bmo,2025-11-18,2025-12-01,8,354.04998779296875,362.2900085449219,352.8800048828125,357.3299865722656,355.0337219238281,5107100.0
HD,2025-11-18,bmo,2025-11-18,2025-12-02,9,356.8299865722656,357.5,351.29998779296875,354.0299987792969,351.7549133300781,3965300.0
HD,2025-11-18,bmo,2025-11-18,2025-12-03,10,354.5,360.4700012207031,353.75,357.9100036621094,355.6099853515625,4166700.0
